,GPU Utilization (%),Power Draw (Watts),GPU Current Clock (MHz),Memory Allocation Used (MB),Response Time
0,0.0,1.074727151186814e-17,6.111548669343718e-11,4.272282171670505e-12,2.606602931
1,0.0,1.0747271520569666e-17,6.111548674291933e-11,4.272282175129559e-12,0.522210414
2,0.0,1.0747271530474169e-17,6.111548679924231e-11,4.27228217906682e-12,2.582972253
3,9.05414620155643e-21,4.608334062937184e-17,3.429257873839498e-10,2.013194304398338e-09,0.955865074
4,1.8108292414238382e-20,8.141940976751932e-17,6.247360882912243e-10,3.017655317359845e-09,1.14516614
5,1.8108292449020295e-20,8.141940992390752e-17,6.247360894912001e-10,3.0176553231560732e-09,6.386830812
6,3.6006307294633506e-19,8.587412184249235e-17,6.247361074061391e-10,3.0185574270701162e-09,122.640793729
7,3.7412765130244426e-19,8.684314347448981e-17,6.247361291891477e-10,3.018604911012079e-09,27.975641723
8,3.73677576070375e-19,8.638600337931791e-17,6.24736134447875e-10,3.0186049364212382e-09,7.853273721
9,3.753910358845795e-19,8.481899416619246e-17,6.247361385818976e-10,3.018604956396041e-09,20.550966785
10,3.8027417320311284e-19,8.258740168743316e-17,6.24736141690828e-10,3.0186049714177957e-09,0.433608733
11,3.8027417332935827e-19,8.258740171485097e-17,6.247361418982314e-10,3.018604972419928e-09,0.652938889
12,3.8027417362632203e-19,8.258740177934517e-17,6.247361423861004e-10,3.018604974777218e-09,1.475372556
13,3.6895649032589536e-19,8.082599302950115e-17,6.2473614312851e-10,3.018604978364398e-09,2.521371272
14,3.576388073199526e-19,7.956784401842389e-17,6.247361444323222e-10,3.018604984664168e-09,5.908727855
15,3.576388082938156e-19,7.956784423508991e-17,6.247361461335005e-10,3.018604992883935e-09,5.411088269
16,3.615191581118272e-19,7.745305440749313e-17,6.247361480072005e-10,3.019418770050501e-09,7.606308259
17,3.621658840914001e-19,7.710058964950793e-17,6.24736150057665e-10,3.0195544079799356e-09,5.949438376
18,3.6216588540088383e-19,8.328361935338124e-17,6.247361523165244e-10,3.0195544188977436e-09,8.780840177
19,3.6340054344951994e-19,8.317551147478467e-17,6.24736155103478e-10,3.0195544323680027e-09,10.132839782
20,3.666929615519508e-19,7.849040206651506e-17,6.247361567181383e-10,3.019554440172184e-09,0.888768939
21,3.66692961861826e-19,7.849040213284368e-17,6.247361572460737e-10,3.0195544427238693e-09,1.70584645
22,3.666929624326489e-19,7.849040225502797e-17,6.247361582185866e-10,3.0195544474243434e-09,4.257368292
23,3.6669296339204783e-19,8.155836543045694e-17,6.247361598531186e-10,3.019554455324571e-09,6.242879646
24,3.666929647264696e-19,8.646710649722926e-17,6.247361621265779e-10,3.019554466312944e-09,9.42921705
25,3.700882717403818e-19,8.521763458398707e-17,6.247361651397269e-10,3.01955448087648e-09,11.778499063
26,3.7438354006497443e-19,8.51649465952058e-17,6.247361695664651e-10,3.0195545022723555e-09,18.848037412
27,3.7183388604974456e-19,8.630328948467621e-17,6.247361742090423e-10,3.0195545247114523e-09,13.333993225
28,3.7166716682006736e-19,8.452627966200486e-17,6.247361790548439e-10,3.019554548132798e-09,19.219515892
29,3.732056100097523e-19,8.633868358081113e-17,6.247361839405643e-10,3.0195545717470843e-09,13.577073248
30,3.576388314665729e-19,8.794746302406471e-17,6.247361866124943e-10,3.0195545846613974e-09,0.20787784
31,3.5763883168244733e-19,8.794746307715066e-17,6.247361869895914e-10,3.019554586484031e-09,0.992548608
32,3.576388319360996e-19,8.794746313952666e-17,6.247361874326801e-10,3.019554588625624e-09,0.920416987
33,3.576388322414076e-19,8.794746321460536e-17,6.24736187966003e-10,3.019554591203348e-09,1.501632629
34,3.5763883284277173e-19,8.794746336248769e-17,6.247361890164874e-10,3.019554596280683e-09,3.526590143
35,3.757471287719452e-19,8.318045474765929e-17,6.247361900063665e-10,3.0195546010650933e-09,2.621401058
36,3.7574712936730746e-19,8.31804548794567e-17,6.24736190996246e-10,3.019554605849505e-09,5.02107123
37,3.7574713013777626e-19,8.318045505001808e-17,6.247361922772664e-10,3.0195546120410963e-09,5.604665378
38,3.6857926424462524e-19,8.47020551148641e-17,6.247361940523021e-10,3.019554620620425e-09,9.237479468
39,3.620630231196904e-19,8.587972345291208e-17,6.247361967555443e-10,3.0195546336860803e-09,9.962167251
40,3.5763883823962976e-19,8.417641212946427e-17,6.247361984439102e-10,3.019554641846505e-09,1.250536218
41,3.5763883852746226e-19,8.417641219721052e-17,6.24736198946706e-10,3.019554644276682e-09,1.667456043
42,3.576388390809048e-19,8.41764123274727e-17,6.247361999134793e-10,3.019554648949413e-09,3.585091266
43,3.57638839812814e-19,8.417641249974003e-17,6.247362011920042e-10,3.019554655128943e-09,4.476294429
44,3.683098009695808e-19,8.125558778487517e-17,6.247362032249605e-10,3.0195546649548864e-09,10.135429008
45,3.71220063997836e-19,8.056833510938397e-17,6.247362052646509e-10,3.019554674813378e-09,4.063263692
46,3.642408262931005e-19,8.535958299387741e-17,6.247362075001287e-10,3.019554685618175e-09,10.780415712
47,3.6216591876367933e-19,8.678400828374658e-17,6.247362098673464e-10,3.019554697059714e-09,6.28986311
48,3.791059387268389e-19,8.07957118966741e-17,6.24736211815646e-10,3.019554706476483e-09,6.339001271
49,3.7768731792658553e-19,8.018353497570169e-17,6.247362142415782e-10,3.019554718201808e-09,9.533326504
50,3.6216592208801217e-19,7.898838760739542e-17,6.247362156018209e-10,3.019554724776306e-09,0.519888921
51,3.6216592219731563e-19,7.89883876312345e-17,6.247362157903693e-10,3.0195547256876223e-09,0.393149931
52,3.6216592230661914e-19,7.898838765507361e-17,6.247362159789177e-10,3.019554726598939e-09,0.2878666
53,3.621659225252259e-19,7.898838770275176e-17,6.247362163560146e-10,3.0195547284215716e-09,1.691279756
54,3.6216592317714313e-19,7.898838784493485e-17,6.247362174805716e-10,3.019554733856924e-09,5.604544333
55,3.621659239325081e-19,7.898838800968001e-17,6.247362187835764e-10,3.019554740154772e-09,2.069457
56,3.62165924481758e-19,8.544218490373633e-17,6.247362197310324e-10,3.019554744734137e-09,2.889332908
57,3.621659248205987e-19,8.70556341787514e-17,6.247362203155327e-10,3.019554747559219e-09,0.36020129
58,3.621659257262559e-19,8.705563439644877e-17,6.247362218777916e-10,3.019554755110128e-09,9.165751575
59,3.621659268734544e-19,8.591650965533741e-17,6.247362238567088e-10,3.019554764674883e-09,3.335696328
60,3.621659275887089e-19,8.539872572541753e-17,6.247362250905226e-10,3.0195547706383104e-09,4.584883413
61,3.621659285011827e-19,8.539872594057886e-17,6.247362266645401e-10,3.019554778246051e-09,6.045977834
62,3.6560650581578444e-19,8.510537176983774e-17,6.247362283627817e-10,3.019554786454209e-09,5.618702339
63,3.666930045250139e-19,8.503203338263375e-17,6.24736229931505e-10,3.019554794036363e-09,4.736927491
64,2.723392502422255e-19,8.271893715428104e-17,6.247362328391212e-10,3.0195548080898238e-09,13.239929137
65,3.3578401945212388e-19,8.009502579475368e-17,6.2473623702808e-10,3.019554828336433e-09,6.724486555
66,3.666930099312317e-19,7.976252027133787e-17,6.247362391420986e-10,3.0195548385541764e-09,9.312371059
67,3.6367496147891123e-19,8.490074972085682e-17,6.247362408807851e-10,3.019554846957819e-09,7.641057292
68,3.621659379994738e-19,8.695604171367369e-17,6.247362430490923e-10,3.0195548574379583e-09,11.275107784
