,0,1,2,3,4,5,6,7,8,9
0,0.0,1.0747271511868139e-17,9.959560794486058e-18,6.111548669343718e-11,4.272282171670505e-12,0.0,-1.0,9.054146176805508e-19,2.751067492183212e-18,4.428658456046171e-20
1,0.0,1.0747271520569666e-17,9.959560802549817e-18,6.111548674291933e-11,4.272282175129559e-12,0.0,-1.0,1.8108292368272393e-18,9.054146184136196e-19,4.428658459631834e-20
2,0.0,1.0747271530474167e-17,9.959560811728376e-18,6.111548679924231e-11,4.27228217906682e-12,0.0,-1.0,2.6515713849406713e-18,3.039606221761258e-18,4.42865846371321e-20
3,9.05414620155643e-21,4.608334062937184e-17,1.1544036406984449e-17,3.429257873839498e-10,2.013194304398338e-09,9.05414620155643e-21,-1.0,3.621658480622572e-18,1.433573148579768e-18,2.4849694737967377e-19
4,1.8108292414238385e-20,8.141940976751932e-17,1.312851200032283e-17,6.247360882912243e-10,3.017655317359845e-09,1.358121931067879e-20,-1.0,4.2683832119276195e-18,1.6814842956078502e-18,4.527073103559596e-19
5,1.8108292449020298e-20,8.141940992390752e-17,1.3128512025539713e-17,6.247360894912001e-10,3.0176553231560736e-09,1.3581219336765222e-20,-1.0,6.186999920081933e-18,6.654797475014958e-18,4.527073112255073e-19
6,3.6006307294633506e-19,8.587412184249235e-17,1.8569689492581992e-17,6.247361074061392e-10,3.018557427070116e-09,2.373541894059097e-19,-1.0,3.485846396396574e-17,1.1770998673396683e-16,4.527073242073473e-19
7,3.7412765130244426e-19,8.684314347448982e-17,2.0371830299646124e-17,6.247361291891478e-10,3.018604911012079e-09,2.4898903699567475e-19,-1.0,6.971693035878896e-17,2.7644592119357187e-17,4.527073399921361e-19
8,3.73677576070375e-19,8.638600337931792e-17,2.037183047112636e-17,6.24736134447875e-10,3.0186049364212382e-09,2.533867675742003e-19,-1.0,7.815022203590188e-17,7.812435304482743e-18,4.52707343802808e-19
9,3.753910358845795e-19,8.481899416619247e-17,2.0371830605931447e-17,6.247361385818977e-10,3.018604956396041e-09,2.5804318767513174e-19,-1.0,8.476309243876194e-17,1.9807218072283908e-17,4.527073467984766e-19
10,3.802741732031128e-19,8.258740168743317e-17,2.0371830707309613e-17,6.247361416908281e-10,3.0186049714177957e-09,2.5804318895925516e-19,-1.0,8.96360551121623e-17,2.7162440943079487e-18,4.527073490513247e-19
11,3.8027417332935823e-19,8.258740171485098e-17,2.037183071407276e-17,6.247361418982314e-10,3.018604972419928e-09,2.580431890449217e-19,-1.0,9.008876249112177e-17,1.3581220476048507e-18,4.527073492016169e-19
12,3.8027417362632203e-19,8.258740177934517e-17,2.037183072998154e-17,6.247361423861005e-10,3.018604974777218e-09,2.5804318924643284e-19,-1.0,9.088100042319542e-17,3.055774609497231e-18,4.527073495551453e-19
13,3.6895649032589536e-19,8.082599302950115e-17,2.010775146663622e-17,6.2473614312851e-10,3.018604978364398e-09,2.5276160380199377e-19,-1.0,9.205049451893505e-17,3.8480124757915474e-18,4.527073500931232e-19
14,3.576388073199526e-19,7.956784401842389e-17,1.9919123445668247e-17,6.247361444323223e-10,3.0186049846641685e-09,2.489890430708531e-19,-1.0,9.410880413376171e-17,5.704112623077725e-18,4.527073510379147e-19
15,3.5763880829381556e-19,7.95678442350899e-17,1.9919123499908715e-17,6.247361461335006e-10,3.018604992883935e-09,2.48989043748859e-19,-1.0,9.684164777323044e-17,5.507939452626273e-18,4.527073522706526e-19
16,3.6151915811182724e-19,7.745305440749313e-17,1.9919123559649872e-17,6.247361480072005e-10,3.019418770050501e-09,2.412283470048508e-19,-1.0,9.985430771460845e-17,7.91591144058813e-18,4.527073536284061e-19
17,3.6216588409140005e-19,7.710058964950793e-17,1.9919123625026997e-17,6.24736150057665e-10,3.0195544079799356e-09,2.3993489821055243e-19,-1.0,1.0313643636692145e-16,6.402575450901535e-18,4.527073551142499e-19
18,3.6216588540088383e-19,8.328361935338124e-17,1.9919123697048608e-17,6.247361523165245e-10,3.0195544188977436e-09,2.3624176011511597e-19,-1.0,1.0675554273280657e-16,8.60143977827099e-18,4.527073567511047e-19
19,3.634005434495199e-19,8.317551147478467e-17,1.9919123785907996e-17,6.24736155103478e-10,3.0195544323680027e-09,2.420955489062062e-19,-1.0,1.1121167820345015e-16,8.622017423858937e-18,4.527073587706363e-19
20,3.666929615519508e-19,7.849040206651507e-17,1.9919123837389915e-17,6.247361567181383e-10,3.019554440172184e-09,2.5804319516618754e-19,-1.0,1.1390117176107505e-16,4.979780959347479e-18,4.527073599406799e-19
21,3.6669296186182595e-19,7.849040213284368e-17,1.9919123854222644e-17,6.247361572460738e-10,3.0195544427238697e-09,2.5804319538424793e-19,-1.0,1.146355637974076e-16,4.527073603232419e-18,4.527073603232419e-19
22,3.6669296243264886e-19,7.849040225502797e-17,1.9919123885230304e-17,6.247361582185867e-10,3.0195544474243434e-09,2.5804319578593803e-19,-1.0,1.161790048617021e-16,6.33790305439146e-18,4.527073610279614e-19
23,3.6669296339204783e-19,8.155836543045695e-17,1.991912393734581e-17,6.247361598531186e-10,3.019554455324571e-09,2.5421259570388884e-19,-1.0,1.188182707591327e-16,6.076725746620356e-18,4.527073622124047e-19
24,3.6669296472646956e-19,8.646710649722926e-17,1.9919124009832918e-17,6.247361621265779e-10,3.0195544663129444e-09,2.4898905012291157e-19,-1.0,1.2243993010239956e-16,8.891636941452224e-18,4.527073638598391e-19
25,3.7008827174038174e-19,8.521763458398707e-17,1.9919124105904334e-17,6.247361651397269e-10,3.0195544808764802e-09,2.524714156779833e-19,-1.0,1.272717112343599e-16,1.177039151712529e-17,4.527073660432804e-19
26,3.743835400649744e-19,8.516494659520581e-17,1.991912424704671e-17,6.247361695664651e-10,3.0195545022723555e-09,2.5351612678059457e-19,-1.0,1.3434500255449275e-16,1.8708268391941462e-17,4.527073692510616e-19
27,3.7183388604974456e-19,8.630328948467621e-17,1.9919124395070916e-17,6.247361742090424e-10,3.0195545247114523e-09,2.53516128664539e-19,-1.0,1.4179715671067433e-16,1.334335798267655e-17,4.527073726152481e-19
28,3.7166716682006736e-19,8.452627966200487e-17,2.0260052326657805e-17,6.247361790548439e-10,3.019554548132798e-09,2.530131224352548e-19,-1.0,1.4954992556047157e-16,1.82703754636812e-17,4.527073761266985e-19
29,3.732056100097523e-19,8.633868358081114e-17,1.9847644592772313e-17,6.247361839405643e-10,3.0195545717470843e-09,2.489890588168915e-19,-1.0,1.5737538119479127e-16,1.0324905150301724e-17,4.527073796670756e-19
30,3.576388314665729e-19,8.794746302406471e-17,1.9466417408940044e-17,6.247361866124944e-10,3.0195545846613978e-09,2.489890598817913e-19,-1.0,1.6161653523236269e-16,1.1317684540081421e-18,4.527073816032569e-19
31,3.576388316824473e-19,8.794746307715067e-17,1.9466417420690168e-17,6.247361869895914e-10,3.019554586484031e-09,2.489890600320835e-19,-1.0,1.6222014517241805e-16,1.433573375942299e-18,4.527073818765155e-19
32,3.5763883193609957e-19,8.794746313952666e-17,1.946641743449656e-17,6.247361874326802e-10,3.0195545886256245e-09,2.4898906020867692e-19,-1.0,1.6297465759113398e-16,3.1689516753831607e-18,4.527073821975944e-19
33,3.5763883224140757e-19,8.794746321460537e-17,1.9466417451114588e-17,6.24736187966003e-10,3.0195545912033484e-09,2.4898906042123305e-19,-1.0,1.638154000122035e-16,5.885195973592782e-18,4.527073825840602e-19
34,3.5763883284277173e-19,8.794746336248769e-17,1.946641748384707e-17,6.247361890164874e-10,3.019554596280683e-09,2.4898906083990436e-19,-1.0,1.6549688485436762e-16,3.492314100092166e-18,4.527073833452807e-19
35,3.757471287719452e-19,8.318045474765929e-17,1.991912489875372e-17,6.247361900063666e-10,3.0195546010650937e-09,2.489890612344215e-19,-1.0,1.6704902471909368e-16,3.848012764531968e-18,4.527073840625846e-19
36,3.7574712936730746e-19,8.31804548794567e-17,1.9919124930315093e-17,6.24736190996246e-10,3.019554605849505e-09,2.489890616289387e-19,-1.0,1.687089520613051e-16,5.6588423097486054e-18,4.527073847798884e-19
37,3.7574713013777626e-19,8.318045505001808e-17,1.9919124971159223e-17,6.247361922772665e-10,3.0195546120410963e-09,2.489890621394903e-19,-1.0,1.7072394410441412e-16,1.0785087718341558e-17,4.527073857081641e-19
38,3.685792642446252e-19,8.47020551148641e-17,1.9919125027754563e-17,6.247361940523022e-10,3.0195546206204255e-09,2.4395898076921635e-19,-1.0,1.7353783168119505e-16,9.733208820380071e-18,4.527073869944219e-19
39,3.620630231196904e-19,8.587972345291208e-17,1.9919125113944896e-17,6.247361967555444e-10,3.0195546336860803e-09,2.403464683170211e-19,-1.0,1.77883137445761e-16,4.311008999350677e-18,4.527073889532931e-19
40,3.5763883823962976e-19,8.417641212946427e-17,1.9919125167776847e-17,6.247361984439102e-10,3.019554641846505e-09,2.489890645972106e-19,-1.0,1.8055479744882572e-16,6.564257157562825e-18,4.527073901767465e-19
41,3.5763883852746226e-19,8.417641219721053e-17,1.9919125183808023e-17,6.247361989467061e-10,3.0195546442766826e-09,2.489890647976003e-19,-1.0,1.8138476114346397e-16,3.2695533761301046e-18,4.527073905410915e-19
42,3.576388390809048e-19,8.41764123274727e-17,1.991912521463267e-17,6.247361999134793e-10,3.0195546489494134e-09,2.489890651829084e-19,-1.0,1.829470457547145e-16,7.243318259866426e-18,4.5270739124165165e-19
43,3.5763883981281394e-19,8.417641249974004e-17,1.9919125255397236e-17,6.247362011920042e-10,3.019554655128943e-09,2.489890656924655e-19,-1.0,1.8502151117911022e-16,1.2834254567966173e-17,4.52707392168119e-19
44,3.6830980096958075e-19,8.125558778487518e-17,1.991912532021613e-17,6.247362032249605e-10,3.0195546649548868e-09,2.5631861478070327e-19,-1.0,1.8822926702756184e-16,5.76662989519244e-18,4.527073936412757e-19
45,3.7122006399783604e-19,8.056833510938398e-17,1.9919125385249738e-17,6.247362052646509e-10,3.0195546748133784e-09,2.58043215218008e-19,-1.0,1.9149522813546907e-16,1.6523819921854894e-17,4.527073951193122e-19
46,3.6424082629310044e-19,8.535958299387742e-17,1.9919125456525844e-17,6.247362075001288e-10,3.019554685618175e-09,2.5087534902631985e-19,-1.0,1.9506973097411176e-16,6.064392835485852e-18,4.527073967392238e-19
47,3.621659187636793e-19,8.678400828374659e-17,1.9919125532002355e-17,6.247362098673465e-10,3.019554697059714e-09,2.489890691500295e-19,-1.0,1.988478221211959e-16,6.962327576232797e-18,4.527073984545989e-19
48,3.7910593872683886e-19,8.07957118966741e-17,1.9919125594122045e-17,6.24736211815646e-10,3.0195547064764832e-09,2.5322407463495325e-19,-1.0,2.0199512112748985e-16,1.0251632087297417e-17,4.527073998664102e-19
49,3.7768731792658553e-19,8.018353497570169e-17,1.9854453185524278e-17,6.247362142415783e-10,3.0195547182018085e-09,2.5351614490962596e-19,-1.0,2.0584174401952073e-16,4.9151089319213204e-18,4.527074016243321e-19
50,3.6216592208801217e-19,7.898838760739543e-17,1.946641831223065e-17,6.247362156018209e-10,3.019554724776306e-09,2.535161454616085e-19,-1.0,2.0794360026553361e-16,3.3198542858067774e-18,4.527074026100151e-19
51,3.621659221973156e-19,7.89883876312345e-17,1.9466418318105708e-17,6.247362157903693e-10,3.0195547256876223e-09,2.535161455381209e-19,-1.0,2.0824540526345641e-16,1.3581222082399332e-18,4.527074027466444e-19
52,3.621659223066191e-19,7.898838765507361e-17,1.9466418323980774e-17,6.247362159789178e-10,3.019554726598939e-09,2.535161456146333e-19,-1.0,2.086981127291892e-16,2.7162444172996427e-18,4.527074028832738e-19
53,3.621659225252259e-19,7.898838770275176e-17,1.946641833573089e-17,6.247362163560147e-10,3.0195547284215716e-09,2.5351614576765813e-19,-1.0,2.092011210808909e-16,4.024065805835843e-18,4.527074031565323e-19
54,3.621659231771431e-19,7.898838784493486e-17,1.9466418370771436e-17,6.247362174805717e-10,3.019554733856924e-09,2.535161462240002e-19,-1.0,2.1107482710167865e-16,6.564257357585717e-18,4.527074039714287e-19
55,3.621659239325081e-19,7.898838800968e-17,1.9466418411372307e-17,6.247362187835764e-10,3.0195547401547725e-09,2.535161467527557e-19,-1.0,2.131120108640352e-16,1.561840546958941e-17,4.52707404915635e-19
56,3.62165924481758e-19,8.544218490373634e-17,1.9466418440894487e-17,6.247362197310324e-10,3.0195547447341375e-09,2.5743961131911633e-19,-1.0,2.1464367124285517e-16,4.406352081194721e-18,4.527074056021974e-19
57,3.621659248205987e-19,8.705563417875141e-17,1.9466418459107177e-17,6.247362203155327e-10,3.019554747559219e-09,2.5804322143467656e-19,-1.0,2.1548872526825618e-16,2.7162444361544895e-18,4.527074060257483e-19
58,3.621659257262559e-19,8.705563439644878e-17,1.9466418507786258e-17,6.247362218777916e-10,3.019554755110128e-09,2.580432220799574e-19,-1.0,2.1809718277217451e-16,5.518718868209615e-18,4.5270740715782e-19
59,3.6216592687345437e-19,8.591650965533742e-17,1.9466418569448172e-17,6.247362238567088e-10,3.019554764674883e-09,2.546479173328976e-19,-1.0,2.2123245173621402e-16,3.848012973030452e-18,4.52707408591818e-19
60,3.6216592758870893e-19,8.539872572541753e-17,1.9466418607893102e-17,6.247362250905227e-10,3.01955477063831e-09,2.5351614931209627e-19,-1.0,2.2323002361749043e-16,5.477759654779221e-18,4.527074094858861e-19
61,3.621659285011827e-19,8.539872594057887e-17,1.946641865693857e-17,6.247362266645401e-10,3.019554778246051e-09,2.5351614995082785e-19,-1.0,2.2574429149124196e-16,5.275782516147035e-18,4.527074106264783e-19
62,3.656065058157844e-19,8.510537176983774e-17,1.9828584639340463e-17,6.247362283627817e-10,3.0195547864542093e-09,2.426511727553993e-19,-1.0,2.2849048491250956e-16,1.4033929767569734e-17,4.527074118570882e-19
63,3.666930045250139e-19,8.503203338263376e-17,1.991912617172915e-17,6.247362299315051e-10,3.019554794036363e-09,2.3993492888673743e-19,-1.0,2.3098856810614484e-16,1.478844215779891e-17,4.527074129938443e-19
64,2.723392502422255e-19,8.271893715428104e-17,1.96332057917405e-17,6.247362328391212e-10,3.0195548080898238e-09,1.6845481182961816e-19,-1.0,2.356461229130018e-16,6.679419931575145e-18,4.527074151008124e-19
65,3.3578401945212388e-19,8.009502579475368e-17,1.982546279424442e-17,6.2473623702808e-10,3.0195548283364333e-09,2.1651903067414963e-19,-1.0,2.4237018530979435e-16,5.104666404502303e-18,4.527074181362899e-19
66,3.6669300993123166e-19,7.976252027133788e-17,1.9919126465400244e-17,6.247362391420986e-10,3.0195548385541772e-09,2.3993493242413927e-19,-1.0,2.4569940690124756e-16,1.4712991139216088e-17,4.527074196681873e-19
67,3.6367496147891123e-19,8.490074972085683e-17,1.9919126520836628e-17,6.247362408807851e-10,3.019554846957819e-09,2.4963580639749804e-19,-1.0,2.4851481659329505e-16,4.979781630209157e-18,4.527074209281051e-19
68,3.621659379994738e-19,8.695604171367369e-17,1.9919126589971063e-17,6.247362430490924e-10,3.0195548574379583e-09,2.535161565996317e-19,-1.0,2.520071318579672e-16,1.924006545622205e-17,4.527074224993424e-19
