,GPU Utilization (%),Power Draw (Watts),GPU Temp (°C),GPU Current Clock (MHz),Memory Current Clock (MHz),Memory Allocation Used (MB),Memory Utilization (%),Current Time,Time Delta,Iteration,GPU Clock Utilization,Memory Clock Utilization
0,0.0,39.09000000000002,28.0,1080000000.0,1215000000.0,490209280.0,0.028571428571428574,-2.208942132e+18,4.928571428571429,7.5,0.7659574468085105,1.0
1,0.7699999999999999,232.6,38.0,1410000000.0,1215000000.0,6808403968.0,0.4,-2.2089421243999997e+18,12.6,5.5,1.0,1.0
2,0.7326666666666666,209.95199999999994,38.4,1410000000.0,1215000000.0,6808403968.0,0.37000000000000005,-2.2089421162000003e+18,20.733333333333334,8.0,1.0,1.0
3,0.49,62.74,41.0,1410000000.0,1215000000.0,6808403968.0,0.25,-2.2089421103333335e+18,26.666666666666668,2.0,1.0,1.0
4,0.49000000000000005,62.739999999999995,41.0,1410000000.0,1215000000.0,6808403968.0,0.25,-2.208942107e+18,29.8,3.0,1.0,1.0
5,0.4900000000000001,62.74,41.0,1410000000.0,1215000000.0,6808403968.0,0.25,-2.2089421030000003e+18,34.0,2.857142857142857,1.0,1.0
6,0.49,62.74,41.0,1410000000.0,1215000000.0,6808403968.0,0.25,-2.2089420995e+18,37.5,1.5,1.0,1.0
7,0.635,142.365,49.0,1410000000.0,1215000000.0,6808403968.0,0.41,-2.2089420975e+18,39.5,2.5,1.0,1.0
8,0.78,221.99,49.0,1410000000.0,1215000000.0,6808403968.0,0.41,-2.208942096e+18,41.0,1.5,1.0,1.0
9,0.78,221.99,49.0,1410000000.0,1215000000.0,6808403968.0,0.41,-2.2089420934999997e+18,43.25,1.5,1.0,1.0
10,0.78,221.99,49.0,1410000000.0,1215000000.0,6808403968.0,0.41,-2.208942091e+18,46.0,1.5,1.0,1.0
11,0.7799999999999999,221.99,49.0,1410000000.0,1215000000.0,6808403968.0,0.41,-2.208942088e+18,48.666666666666664,3.0,1.0,1.0
12,0.78,221.99,49.0,1410000000.0,1215000000.0,6808403968.0,0.41,-2.208942086e+18,51.0,3.5,1.0,1.0
13,0.52,170.04666666666665,48.333333333333336,1410000000.0,1215000000.0,6808403968.0,0.13666666666666666,-2.2089420833333332e+18,53.666666666666664,2.6666666666666665,1.0,1.0
14,0.0,66.16,47.0,1410000000.0,1215000000.0,6808403968.0,0.0,-2.2089420805e+18,56.5,1.5,1.0,1.0
15,0.0,66.15999999999998,47.0,1410000000.0,1215000000.0,6808403968.0,0.0,-2.2089420775e+18,59.5,3.5,1.0,1.0
16,0.0,66.16,47.0,1410000000.0,1215000000.0,6808403968.0,0.0,-2.208942074e+18,63.0,2.5,1.0,1.0
17,0.0,66.16,47.0,1410000000.0,1215000000.0,6808403968.0,0.0,-2.2089420715e+18,65.5,3.5,1.0,1.0
18,0.0,66.16,47.0,1410000000.0,1215000000.0,6808403968.0,0.0,-2.2089420696666665e+18,67.33333333333333,7.0,1.0,1.0
19,0.5916666666666667,69.435,52.0,1410000000.0,1215000000.0,6808403968.0,0.37999999999999995,-2.2089420665e+18,70.33333333333333,2.1666666666666665,1.0,1.0
20,0.71,70.09,52.0,1410000000.0,1215000000.0,6808403968.0,0.38,-2.208942063e+18,74.0,1.75,1.0,1.0
21,0.71,70.09,52.0,1410000000.0,1215000000.0,6808403968.0,0.38,-2.20894205925e+18,77.625,2.5,1.0,1.0
22,0.71,70.09,52.0,1410000000.0,1215000000.0,6808403968.0,0.38,-2.2089420555e+18,81.5,2.5,1.0,1.0
23,0.7450000000000001,157.07,54.5,1402500000.0,1215000000.0,6808403968.0,0.39,-2.208942053e+18,84.0,3.5,0.9946808510638299,1.0
24,0.78,244.05,57.0,1395000000.0,1215000000.0,6808403968.0,0.4,-2.208942051e+18,86.0,7.5,0.9893617021276596,1.0
25,0.7799999999999999,244.05000000000004,57.0,1395000000.0,1215000000.0,6808403968.0,0.4000000000000001,-2.2089420486666668e+18,88.33333333333333,1.6666666666666667,0.9893617021276596,1.0
26,0.78,244.05,57.0,1395000000.0,1215000000.0,6808403968.0,0.4,-2.2089420465e+18,90.0,2.5,0.9893617021276596,1.0
27,0.78,244.05,57.0,1395000000.0,1215000000.0,6808403968.0,0.4,-2.208942044e+18,93.0,1.5,0.9893617021276596,1.0
28,0.78,244.05,57.0,1395000000.0,1215000000.0,6808403968.0,0.4,-2.208942041e+18,96.0,1.25,0.9893617021276596,1.0
29,0.77,244.24666666666667,57.0,1400000000.0,1215000000.0,6809103018.666667,0.4000000000000001,-2.2089420383333335e+18,98.66666666666667,1.6666666666666667,0.9929078014184398,1.0
30,0.75,244.64,57.0,1410000000.0,1215000000.0,6810501120.0,0.4,-2.2089420345e+18,102.25,3.5,1.0,1.0
31,0.75,244.64,57.0,1410000000.0,1215000000.0,6810501120.0,0.4,-2.208942031e+18,106.0,2.5,1.0,1.0
32,0.75,244.64,57.0,1410000000.0,1215000000.0,6810501120.0,0.4,-2.208942029e+18,108.0,1.5,1.0,1.0
33,0.75,244.64,57.0,1410000000.0,1215000000.0,6810501120.0,0.4000000000000001,-2.2089420269999997e+18,109.66666666666667,2.0,1.0,1.0
34,0.75,244.64,57.0,1410000000.0,1215000000.0,6810501120.0,0.4,-2.208942025e+18,112.0,3.0,1.0,1.0
35,0.75,244.64,57.0,1410000000.0,1215000000.0,6810501120.0,0.4,-2.208942023e+18,114.0,3.0,1.0,1.0
36,0.75,236.62,61.0,1395000000.0,1215000000.0,6810501120.0,0.38999999999999996,-2.2089420216666665e+18,115.33333333333333,4.0,0.9893617021276596,1.0
37,0.75,236.62,61.0,1395000000.0,1215000000.0,6810501120.0,0.39,-2.20894202e+18,117.0,3.0,0.9893617021276596,1.0
38,0.75,236.62,61.0,1395000000.0,1215000000.0,6810501120.0,0.39,-2.208942019e+18,118.0,5.0,0.9893617021276596,1.0
39,0.75,236.62,61.0,1395000000.0,1215000000.0,6810501120.0,0.39,-2.2089420175e+18,119.5,7.5,0.9893617021276596,1.0
40,0.75,236.62,61.0,1395000000.0,1215000000.0,6810501120.0,0.39,-2.2089420155e+18,121.5,2.5,0.9893617021276596,1.0
41,0.75,236.61999999999995,61.0,1395000000.0,1215000000.0,6810501120.0,0.39000000000000007,-2.208942011857143e+18,125.14285714285714,3.142857142857143,0.9893617021276596,1.0
42,0.75,236.62,61.0,1395000000.0,1215000000.0,6810501120.0,0.32,-2.2089420085e+18,128.5,8.5,0.9893617021276596,1.0
43,0.5,75.35,58.0,1410000000.0,1215000000.0,6810501120.0,0.25,-2.208942006e+18,131.0,3.5,1.0,1.0
44,0.5,75.35,58.0,1410000000.0,1215000000.0,6810501120.0,0.25,-2.2089420035e+18,133.5,2.5,1.0,1.0
45,0.5,75.35,58.0,1410000000.0,1215000000.0,6810501120.0,0.25,-2.2089420013333332e+18,135.66666666666666,1.6666666666666667,1.0,1.0
46,0.5,75.35,58.0,1410000000.0,1215000000.0,6810501120.0,0.25,-2.2089419984e+18,138.4,4.0,1.0,1.0
47,0.5,75.35000000000001,58.0,1410000000.0,1215000000.0,6810501120.0,0.25,-2.2089419945e+18,142.33333333333334,3.8333333333333335,1.0,1.0
48,0.75,233.54,63.0,1395000000.0,1215000000.0,6810501120.0,0.39,-2.208941990125e+18,146.875,10.5,0.9893617021276596,1.0
49,0.75,233.54,63.0,1395000000.0,1215000000.0,6810501120.0,0.39,-2.208941986e+18,150.75,9.0,0.9893617021276596,1.0
50,0.75,233.54,63.0,1395000000.0,1215000000.0,6810501120.0,0.39,-2.208941984e+18,153.0,2.0,0.9893617021276596,1.0
51,0.75,233.54000000000002,63.0,1395000000.0,1215000000.0,6810501120.0,0.39,-2.2089419808888886e+18,156.0,8.0,0.9893617021276595,1.0
52,0.76,241.08,65.0,1410000000.0,1215000000.0,6810501120.0,0.39,-2.2089419762e+18,160.6,7.0,1.0,1.0
53,0.7600000000000001,241.08,65.0,1410000000.0,1215000000.0,6810501120.0,0.38999999999999996,-2.2089419733333332e+18,163.33333333333334,1.6666666666666667,1.0,1.0
54,0.76,241.08,65.0,1410000000.0,1215000000.0,6810501120.0,0.39,-2.2089419715e+18,165.5,1.0,1.0,1.0
55,0.76,241.08,65.0,1410000000.0,1215000000.0,6810501120.0,0.39,-2.2089419695e+18,167.5,2.0,1.0,1.0
56,0.76,241.08,65.0,1410000000.0,1215000000.0,6810501120.0,0.39,-2.20894196575e+18,171.25,2.375,1.0,1.0
57,0.78,236.72,65.0,1395000000.0,1215000000.0,6810501120.0,0.4,-2.2089419578235295e+18,179.05882352941177,2.588235294117647,0.9893617021276595,1.0
58,0.78,236.72,65.0,1395000000.0,1215000000.0,6810501120.0,0.4,-2.208941952e+18,185.0,1.5,0.9893617021276596,1.0
59,0.7799999999999998,246.8333333333333,65.0,1385000000.0,1215000000.0,6810501120.0,0.3926666666666666,-2.2089419462e+18,190.66666666666666,3.8666666666666667,0.9822695035460994,1.0
60,0.7799999999999999,251.89,65.0,1380000000.0,1215000000.0,6810501120.0,0.38999999999999996,-2.2089419393333332e+18,197.66666666666666,2.0,0.9787234042553191,1.0
61,0.78,251.89,65.0,1380000000.0,1215000000.0,6810501120.0,0.39,-2.208941937e+18,199.5,1.5,0.9787234042553192,1.0
62,0.78,251.89,65.0,1380000000.0,1215000000.0,6810501120.0,0.39,-2.2089419355e+18,201.5,1.5,0.9787234042553192,1.0
63,0.78,251.89,65.0,1380000000.0,1215000000.0,6810501120.0,0.39,-2.208941934e+18,203.0,3.0,0.9787234042553192,1.0
64,0.35,75.08,61.0,1410000000.0,1215000000.0,6810501120.0,0.18,-2.208941933e+18,204.0,1.0,1.0,1.0
65,0.3499999999999999,75.08,61.0,1410000000.0,1215000000.0,6810501120.0,0.18000000000000002,-2.2089419309999997e+18,206.0,4.0,1.0,1.0
66,0.3499999999999999,75.08,61.0,1410000000.0,1215000000.0,6810501120.0,0.18000000000000002,-2.2089419283333332e+18,208.33333333333334,1.3333333333333333,1.0,1.0
67,0.35,75.08,61.0,1410000000.0,1215000000.0,6810501120.0,0.18,-2.208941926e+18,211.0,1.75,1.0,1.0
68,0.35,75.08,61.0,1410000000.0,1215000000.0,6810501120.0,0.18,-2.2089419228000003e+18,214.0,2.2,1.0,1.0
69,0.35,75.08,61.0,1410000000.0,1215000000.0,6810501120.0,0.18,-2.20894192e+18,217.0,2.0,1.0,1.0
70,0.16333333333333336,196.81333333333336,62.666666666666664,1410000000.0,1215000000.0,6810501120.0,0.04666666666666666,-2.2089419171666668e+18,219.66666666666666,2.0,1.0,1.0
71,0.07,257.68,63.0,1410000000.0,1215000000.0,6810501120.0,0.02,-2.2089419136666665e+18,223.0,2.6666666666666665,1.0,1.0
72,0.07,257.68,63.0,1410000000.0,1215000000.0,6810501120.0,0.02,-2.2089419113333332e+18,225.33333333333334,5.0,1.0,1.0
73,0.07,257.68,63.0,1410000000.0,1215000000.0,6810501120.0,0.02,-2.2089419093333332e+18,227.66666666666666,9.0,1.0,1.0
74,0.07,257.68,63.0,1410000000.0,1215000000.0,6810501120.0,0.02,-2.2089419075e+18,229.5,12.5,1.0,1.0
75,0.3033333333333334,249.26333333333332,64.0,1403333333.3333333,1215000000.0,6810501120.0,0.1888888888888889,-2.2089419035555558e+18,233.44444444444446,6.555555555555555,0.9952718676122932,1.0
76,0.77,232.43,66.0,1395000000.0,1215000000.0,6810501120.0,0.4,-2.2089418992500001e+18,237.75,10.5,0.9893617021276596,1.0
77,0.77,232.43,66.0,1395000000.0,1215000000.0,6810501120.0,0.4,-2.208941897e+18,240.0,14.0,0.9893617021276596,1.0
78,0.77,232.43,66.0,1395000000.0,1215000000.0,6810501120.0,0.4,-2.2089418955e+18,241.0,8.5,0.9893617021276596,1.0
79,0.77,232.42999999999998,66.0,1395000000.0,1215000000.0,6810501120.0,0.4000000000000001,-2.2089418936666665e+18,243.33333333333334,2.6666666666666665,0.9893617021276596,1.0
80,0.77,232.43,66.0,1395000000.0,1215000000.0,6810501120.0,0.4,-2.2089418915e+18,245.5,2.5,0.9893617021276596,1.0
81,0.77,232.43,66.0,1395000000.0,1215000000.0,6810501120.0,0.4,-2.20894189e+18,247.0,5.5,0.9893617021276596,1.0
82,0.77,231.035,66.0,1387500000.0,1215000000.0,6810501120.0,0.4,-2.208941888e+18,248.5,2.5,0.9840425531914894,1.0
83,0.77,229.64,66.0,1380000000.0,1215000000.0,6810501120.0,0.4,-2.208941886e+18,251.0,6.5,0.9787234042553192,1.0
84,0.77,229.63999999999996,66.0,1380000000.0,1215000000.0,6810501120.0,0.39999999999999997,-2.2089418825e+18,254.16666666666666,12.5,0.9787234042553193,1.0
85,0.77,229.64,66.0,1380000000.0,1215000000.0,6810501120.0,0.4,-2.20894188e+18,257.0,17.5,0.9787234042553192,1.0
86,0.77,229.64,66.0,1380000000.0,1215000000.0,6810501120.0,0.4000000000000001,-2.2089418776666665e+18,259.0,21.0,0.9787234042553191,1.0
87,0.77,229.64,66.0,1380000000.0,1215000000.0,6810501120.0,0.4,-2.2089418755e+18,261.0,2.5,0.9787234042553192,1.0
88,0.7675000000000001,235.61249999999998,65.75,1383750000.0,1215000000.0,6810501120.0,0.4,-2.2089418734999997e+18,263.5,2.0,0.9813829787234043,1.0
89,0.76,253.53,65.0,1395000000.0,1215000000.0,6810501120.0,0.4,-2.208941871e+18,266.0,2.5,0.9893617021276596,1.0
90,0.7600000000000001,253.53,65.0,1395000000.0,1215000000.0,6810501120.0,0.4000000000000001,-2.2089418690000003e+18,267.6666666666667,6.0,0.9893617021276596,1.0
91,0.7600000000000001,253.53,65.0,1395000000.0,1215000000.0,6810501120.0,0.4000000000000001,-2.2089418666666668e+18,270.3333333333333,2.0,0.9893617021276596,1.0
92,0.76,253.53,65.0,1395000000.0,1215000000.0,6810501120.0,0.4,-2.208941865e+18,272.0,5.5,0.9893617021276596,1.0
93,0.76,253.53000000000003,65.0,1395000000.0,1215000000.0,6810501120.0,0.4,-2.2089418626e+18,274.4,7.8,0.9893617021276595,1.0
94,0.766875,248.408125,65.6875,1395000000.0,1215000000.0,6810501120.0,0.3925,-2.2089418561875e+18,280.75,5.75,0.9893617021276596,1.0
95,0.768125,245.1725,65.9375,1395937500.0,1215000000.0,6810501120.0,0.39,-2.2089418467499999e+18,290.125,5.0,0.990026595744681,1.0
96,0.74,231.56,65.0,1410000000.0,1215000000.0,6810501120.0,0.39,-2.208941841e+18,296.0,3.5,1.0,1.0
97,0.74,231.56,65.0,1410000000.0,1215000000.0,6810501120.0,0.39,-2.208941839e+18,298.0,7.0,1.0,1.0
98,0.7400000000000001,231.55999999999997,65.0,1410000000.0,1215000000.0,6810501120.0,0.39000000000000007,-2.2089418365e+18,300.5,4.0,1.0,1.0
99,0.7445454545454545,232.37818181818176,65.45454545454545,1396363636.3636363,1215000000.0,6810501120.0,0.385,-2.2089418283636365e+18,308.54545454545456,4.409090909090909,0.9903288201160543,1.0
100,0.75,233.36,66.0,1380000000.0,1215000000.0,6810501120.0,0.38000000000000006,-2.2089418206666668e+18,316.3333333333333,6.0,0.9787234042553191,1.0
101,0.75,233.36,66.0,1380000000.0,1215000000.0,6810501120.0,0.38,-2.208941819e+18,318.0,9.5,0.9787234042553192,1.0
102,0.75,233.36,66.0,1380000000.0,1215000000.0,6810501120.0,0.38000000000000006,-2.2089418166666668e+18,320.3333333333333,3.0,0.9787234042553191,1.0
103,0.745,239.48000000000002,65.0,1380000000.0,1215000000.0,6810501120.0,0.38625,-2.208941813e+18,324.0,4.25,0.9787234042553192,1.0
104,0.7400000000000001,245.6,64.0,1380000000.0,1215000000.0,6810501120.0,0.39,-2.2089418070909092e+18,329.90909090909093,4.0,0.9787234042553193,1.0
105,0.74,245.6,64.0,1380000000.0,1215000000.0,6810501120.0,0.39,-2.208941803e+18,333.0,5.0,0.9787234042553192,1.0
106,0.7400000000000001,244.86999999999998,64.33333333333333,1385000000.0,1215000000.0,6810501120.0,0.38999999999999996,-2.20894179925e+18,337.5833333333333,6.5,0.9822695035460994,1.0
107,0.7400000000000001,243.40999999999997,65.0,1395000000.0,1215000000.0,6810501120.0,0.39,-2.208941792181818e+18,344.72727272727275,5.7272727272727275,0.9893617021276596,1.0
108,0.74,243.41,65.0,1395000000.0,1215000000.0,6810501120.0,0.39,-2.208941788e+18,349.0,1.0,0.9893617021276596,1.0
109,0.7400000000000001,243.41000000000003,65.0,1395000000.0,1215000000.0,6810501120.0,0.39000000000000007,-2.2089417854285714e+18,351.57142857142856,6.0,0.9893617021276596,1.0
110,0.7799999999999999,244.4,66.0,1395000000.0,1215000000.0,6810501120.0,0.4000000000000001,-2.208941782e+18,355.0,4.666666666666667,0.9893617021276596,1.0
111,0.78,244.39999999999998,66.0,1395000000.0,1215000000.0,6810501120.0,0.4,-2.2089417781111112e+18,358.77777777777777,6.777777777777778,0.9893617021276595,1.0
112,0.78,244.4,66.0,1395000000.0,1215000000.0,6810501120.0,0.4,-2.208941772090909e+18,364.90909090909093,5.2727272727272725,0.9893617021276596,1.0
113,0.74,245.15,65.0,1410000000.0,1215000000.0,6810501120.0,0.38,-2.2089417645e+18,372.5,4.125,1.0,1.0
114,0.74,245.15,65.0,1410000000.0,1215000000.0,6810501120.0,0.38,-2.208941761e+18,376.0,7.0,1.0,1.0
115,0.7399999999999999,245.15,65.0,1410000000.0,1215000000.0,6810501120.0,0.38000000000000006,-2.2089417593333332e+18,377.6666666666667,3.0,1.0,1.0
116,0.74,245.15,65.0,1410000000.0,1215000000.0,6810501120.0,0.38,-2.2089417575e+18,379.5,6.5,1.0,1.0
117,0.744,243.51399999999998,65.0,1404000000.0,1215000000.0,6810501120.0,0.38,-2.2089417533999997e+18,383.6,5.4,0.9957446808510639,1.0
118,0.75,241.05999999999997,65.0,1395000000.0,1215000000.0,6810501120.0,0.37999999999999995,-2.2089417480000003e+18,388.7142857142857,4.0,0.9893617021276596,1.0
119,0.75,241.06,65.0,1395000000.0,1215000000.0,6810501120.0,0.38,-2.2089417431111112e+18,393.77777777777777,5.0,0.9893617021276595,1.0
120,0.5800000000000001,248.26000000000002,64.33333333333333,1402500000.0,1215000000.0,6810501120.0,0.24500000000000008,-2.2089417383333332e+18,398.5,6.5,0.9946808510638299,1.0
121,0.24000000000000007,262.65999999999997,63.0,1410000000.0,1215000000.0,6810501120.0,0.11000000000000003,-2.2089417324166666e+18,404.5,5.916666666666667,1.0,1.0
122,0.24000000000000005,259.866,63.2,1408500000.0,1215000000.0,6810501120.0,0.13799999999999998,-2.2089417254e+18,411.4,6.7,0.9989361702127659,1.0
123,0.74,234.72,65.0,1395000000.0,1215000000.0,6810501120.0,0.39,-2.2089417192222223e+18,417.6666666666667,4.666666666666667,0.9893617021276595,1.0
124,0.7400000000000001,234.71999999999997,65.0,1395000000.0,1215000000.0,6810501120.0,0.39,-2.2089417115454543e+18,425.1818181818182,3.5454545454545454,0.9893617021276596,1.0
125,0.7400000000000001,249.40999999999997,65.0,1395000000.0,1215000000.0,6810501120.0,0.37000000000000005,-2.2089417044545454e+18,432.45454545454544,6.454545454545454,0.9893617021276596,1.0
126,0.74,249.41,65.0,1395000000.0,1215000000.0,6810501120.0,0.37,-2.2089416975999995e+18,439.3,6.5,0.9893617021276595,1.0
127,0.7457142857142857,248.3957142857143,64.28571428571429,1395000000.0,1215000000.0,6810501120.0,0.3914285714285714,-2.2089416922857144e+18,444.7142857142857,4.857142857142857,0.9893617021276596,1.0
128,0.75,247.99,64.0,1395000000.0,1215000000.0,6810501120.0,0.39999999999999997,-2.2089416877142858e+18,449.14285714285717,4.571428571428571,0.9893617021276596,1.0
129,0.75,247.98999999999998,64.0,1395000000.0,1215000000.0,6810501120.0,0.4,-2.2089416824444447e+18,454.44444444444446,4.777777777777778,0.9893617021276595,1.0
130,0.7639999999999999,230.987,64.0,1374000000.0,1215000000.0,6810501120.0,0.4,-2.2089416765999997e+18,460.4,6.3,0.9744680851063832,1.0
131,0.77,223.7,64.0,1365000000.0,1215000000.0,6810501120.0,0.4,-2.2089416704444444e+18,466.44444444444446,6.666666666666667,0.9680851063829787,1.0
132,0.7566666666666668,229.0866666666667,64.0,1377500000.0,1215000000.0,6810501120.0,0.39166666666666666,-2.2089416639166666e+18,473.0,5.5,0.9769503546099293,1.0
133,0.7300000000000001,239.86000000000004,64.0,1395000000.0,1215000000.0,6810501120.0,0.37999999999999995,-2.2089416566363638e+18,480.3636363636364,6.0,0.9893617021276596,1.0
134,0.7366666666666667,238.60000000000005,64.0,1395000000.0,1215000000.0,6810501120.0,0.385,-2.208941649833333e+18,487.1666666666667,5.666666666666667,0.9893617021276596,1.0
135,0.77,234.82,64.0,1395000000.0,1215000000.0,6810501120.0,0.4,-2.208941643625e+18,493.25,7.5,0.9893617021276596,1.0
136,0.77,234.82,64.0,1395000000.0,1215000000.0,6810501120.0,0.4,-2.208941638625e+18,498.125,4.5,0.9893617021276596,1.0
137,0.77,234.82,64.0,1395000000.0,1215000000.0,6810501120.0,0.4,-2.208941635e+18,502.0,11.5,0.9893617021276596,1.0
138,0.7608333333333333,238.77083333333337,64.0,1381250000.0,1215000000.0,6810501120.0,0.4000000000000001,-2.208941630166667e+18,506.75,5.666666666666667,0.9796099290780144,1.0
139,0.7599999999999999,239.13000000000002,64.0,1380000000.0,1215000000.0,6810501120.0,0.39999999999999997,-2.2089416249999997e+18,512.0,6.5,0.9787234042553193,1.0
140,0.7538461538461539,233.70538461538462,64.0,1380000000.0,1215000000.0,6810501120.0,0.3923076923076923,-2.2089416187692308e+18,518.0,6.846153846153846,0.9787234042553193,1.0
141,0.74,221.5,64.0,1380000000.0,1215000000.0,6810501120.0,0.38,-2.2089416121111112e+18,524.7777777777778,5.0,0.9787234042553192,1.0
142,0.74,221.5,64.0,1380000000.0,1215000000.0,6810501120.0,0.38,-2.208941606875e+18,530.0,6.5,0.9787234042553192,1.0
143,0.7483333333333334,243.69999999999996,64.0,1392500000.0,1215000000.0,6810501120.0,0.3966666666666667,-2.20894160075e+18,536.0833333333334,5.666666666666667,0.9875886524822696,1.0
144,0.75,248.13999999999996,64.0,1395000000.0,1215000000.0,6810501120.0,0.4000000000000001,-2.2089415936666665e+18,543.3333333333334,4.25,0.9893617021276596,1.0
145,0.75,243.44666666666666,64.0,1395000000.0,1215000000.0,6810501120.0,0.39222222222222225,-2.208941587222222e+18,549.7777777777778,4.111111111111111,0.9893617021276595,1.0
146,0.75,241.10000000000002,64.0,1395000000.0,1215000000.0,6810501120.0,0.39,-2.2089415814444447e+18,555.5555555555555,1.8888888888888888,0.9893617021276595,1.0
147,0.7490909090909091,241.31636363636363,64.0,1395000000.0,1215000000.0,6810501120.0,0.39,-2.2089415750909092e+18,561.8181818181819,4.0,0.9893617021276596,1.0
148,0.7400000000000001,243.48,64.0,1395000000.0,1215000000.0,6810501120.0,0.39,-2.2089415665454546e+18,570.3636363636364,6.0,0.9893617021276596,1.0
149,0.735,244.56500000000003,64.0,1391250000.0,1215000000.0,6810501120.0,0.38666666666666666,-2.2089415595e+18,577.5,4.916666666666667,0.9867021276595745,1.0
150,0.72,247.82000000000005,64.0,1380000000.0,1215000000.0,6810501120.0,0.37999999999999995,-2.2089415515384614e+18,585.3076923076923,4.6923076923076925,0.9787234042553193,1.0
151,0.7254545454545455,246.80818181818185,64.0,1384090909.090909,1215000000.0,6810501120.0,0.38272727272727275,-2.2089415444545454e+18,592.4545454545455,5.454545454545454,0.981624758220503,1.0
152,0.7400000000000001,244.11000000000004,64.0,1395000000.0,1215000000.0,6810501120.0,0.38999999999999996,-2.2089415374166664e+18,599.5,6.083333333333333,0.9893617021276596,1.0
153,0.7445454545454546,244.0436363636364,64.0909090909091,1395000000.0,1215000000.0,6810501120.0,0.39,-2.208941530272727e+18,606.5454545454545,5.818181818181818,0.9893617021276596,1.0
154,0.79,243.38,65.0,1395000000.0,1215000000.0,6810501120.0,0.39,-2.2089415241111112e+18,612.7777777777778,3.2222222222222223,0.9893617021276595,1.0
155,0.79,243.38000000000002,65.0,1395000000.0,1215000000.0,6810501120.0,0.38999999999999996,-2.2089415179166666e+18,619.0833333333334,4.25,0.9893617021276596,1.0
156,0.782,262.65200000000004,65.0,1381500000.0,1215000000.0,6810501120.0,0.39,-2.2089415107e+18,626.1,5.5,0.9797872340425533,1.0
157,0.78,267.47,65.0,1380000000.0,1215000000.0,6810501120.0,0.39,-2.208941507e+18,630.0,6.5,0.9787234042553192,1.0
158,0.7799999999999999,267.47,65.0,1380000000.0,1215000000.0,6810501120.0,0.38999999999999996,-2.2089415046666668e+18,631.6666666666666,10.0,0.9787234042553191,1.0
159,0.78,267.4700000000001,65.0,1380000000.0,1215000000.0,6810501120.0,0.368,-2.2089415005999997e+18,636.3,5.5,0.9787234042553192,1.0
160,0.35,258.25,64.0,1380000000.0,1215000000.0,6810501120.0,0.17,-2.208941497e+18,640.0,3.0,0.9787234042553192,1.0
161,0.35,258.25,64.0,1380000000.0,1215000000.0,6810501120.0,0.17,-2.208941494e+18,643.0,5.125,0.9787234042553192,1.0
162,0.3499999999999999,258.25,64.0,1380000000.0,1215000000.0,6810501120.0,0.17,-2.2089414903333335e+18,646.6666666666666,6.0,0.9787234042553191,1.0
163,0.35,258.25,64.0,1380000000.0,1215000000.0,6810501120.0,0.17,-2.2089414885e+18,648.5,9.5,0.9787234042553192,1.0
164,0.35,258.25,64.0,1380000000.0,1215000000.0,6810501120.0,0.17,-2.2089414865e+18,650.5,1.5,0.9787234042553192,1.0
165,0.5700000000000001,248.375,64.5,1380000000.0,1215000000.0,6810501120.0,0.28,-2.208941483e+18,654.0,7.5,0.9787234042553192,1.0
166,0.79,238.5,65.0,1380000000.0,1215000000.0,6810501120.0,0.39,-2.2089414795e+18,657.0,1.5,0.9787234042553192,1.0
167,0.79,238.5,65.0,1380000000.0,1215000000.0,6810501120.0,0.39,-2.2089414771999997e+18,659.8,6.0,0.9787234042553192,1.0
168,0.7900000000000001,238.5,65.0,1380000000.0,1215000000.0,6810501120.0,0.39,-2.208941472181818e+18,664.7272727272727,6.2727272727272725,0.9787234042553193,1.0
169,0.774,250.97200000000004,65.0,1393500000.0,1215000000.0,6810501120.0,0.39,-2.2089414658e+18,671.0,5.7,0.9882978723404255,1.0
170,0.77,254.09,65.0,1395000000.0,1215000000.0,6810501120.0,0.38999999999999996,-2.2089414616666665e+18,675.3333333333334,7.333333333333333,0.9893617021276596,1.0
171,0.77,254.09,65.0,1395000000.0,1215000000.0,6810501120.0,0.39,-2.2089414595e+18,677.5,3.5,0.9893617021276596,1.0
172,0.7699999999999999,251.0,65.0,1395000000.0,1215000000.0,6810501120.0,0.39,-2.208941455e+18,682.0,5.1,0.9893617021276595,1.0
173,0.7699999999999999,238.63999999999996,65.0,1395000000.0,1215000000.0,6810501120.0,0.39,-2.2089414481000003e+18,688.8,4.6,0.9893617021276595,1.0
174,0.7699999999999999,238.63999999999996,65.0,1395000000.0,1215000000.0,6810501120.0,0.39,-2.208941441090909e+18,695.9090909090909,4.181818181818182,0.9893617021276596,1.0
175,0.7699999999999999,258.88,65.0,1380000000.0,1215000000.0,6810501120.0,0.39,-2.2089414346e+18,702.4,5.3,0.9787234042553192,1.0
176,0.77,258.88,65.0,1380000000.0,1215000000.0,6810501120.0,0.39,-2.2089414285555558e+18,708.3333333333334,5.444444444444445,0.9787234042553192,1.0
177,0.77,258.88,65.0,1380000000.0,1215000000.0,6810501120.0,0.33,-2.2089414242e+18,712.8,8.6,0.9787234042553192,1.0
178,0.19,248.03,63.0,1395000000.0,1215000000.0,6810501120.0,0.09,-2.2089414197777777e+18,717.2222222222222,7.0,0.9893617021276595,1.0
179,0.18999999999999997,248.03,63.0,1395000000.0,1215000000.0,6810501120.0,0.08999999999999998,-2.2089414146666668e+18,722.3333333333334,3.5,0.9893617021276596,1.0
180,0.422,247.586,63.8,1389000000.0,1215000000.0,6810501120.0,0.21000000000000002,-2.2089414087000003e+18,728.3,5.3,0.9851063829787234,1.0
181,0.7699999999999999,246.92,65.0,1380000000.0,1215000000.0,6810501120.0,0.39,-2.2089414017272724e+18,735.2727272727273,4.363636363636363,0.9787234042553193,1.0
182,0.7699999999999999,246.75799999999998,64.9,1380000000.0,1215000000.0,6810501120.0,0.39,-2.2089413953000003e+18,741.6,5.5,0.9787234042553192,1.0
183,0.74,245.30000000000004,64.0,1380000000.0,1215000000.0,6810501120.0,0.39,-2.2089413895555553e+18,747.3333333333334,9.0,0.9787234042553192,1.0
184,0.7400000000000001,245.30000000000007,64.0,1380000000.0,1215000000.0,6810501120.0,0.39,-2.2089413834545454e+18,753.4545454545455,7.0,0.9787234042553193,1.0
185,0.3333333333333333,246.24666666666658,63.333333333333336,1380000000.0,1215000000.0,6810501120.0,0.135,-2.2089413768333332e+18,760.1666666666666,3.0,0.9787234042553193,1.0
186,0.12999999999999998,246.71999999999994,63.0,1380000000.0,1215000000.0,6810501120.0,0.05000000000000001,-2.2089413696666665e+18,767.25,5.25,0.9787234042553193,1.0
187,0.47363636363636363,248.11090909090908,63.54545454545455,1388181818.1818182,1215000000.0,6810501120.0,0.26,-2.2089413626363635e+18,774.3636363636364,4.545454545454546,0.9845261121856868,1.0
188,0.7599999999999999,249.27,64.0,1395000000.0,1215000000.0,6810501120.0,0.37999999999999995,-2.2089413560000003e+18,781.0,5.090909090909091,0.9893617021276596,1.0
189,0.758888888888889,250.27333333333334,64.0,1395000000.0,1215000000.0,6810501120.0,0.38222222222222224,-2.2089413497777777e+18,787.1111111111111,5.333333333333333,0.9893617021276595,1.0
190,0.75,258.3,64.0,1395000000.0,1215000000.0,6810501120.0,0.39,-2.2089413441111112e+18,792.7777777777778,6.666666666666667,0.9893617021276595,1.0
191,0.75,258.3,64.0,1395000000.0,1215000000.0,6810501120.0,0.39000000000000007,-2.2089413392857142e+18,797.7142857142857,9.0,0.9893617021276596,1.0
192,0.75,258.3,64.0,1395000000.0,1215000000.0,6810501120.0,0.3885714285714286,-2.208941334714286e+18,802.1428571428571,5.0,0.9893617021276596,1.0
193,0.76,234.80000000000004,64.0,1395000000.0,1215000000.0,6810501120.0,0.38,-2.2089413295555556e+18,807.3333333333334,5.444444444444445,0.9893617021276595,1.0
194,0.7599999999999999,234.80000000000007,64.0,1395000000.0,1215000000.0,6810501120.0,0.37999999999999995,-2.2089413233636367e+18,813.6363636363636,6.0,0.9893617021276596,1.0
195,0.7533333333333333,252.7400000000001,64.0,1406250000.0,1215000000.0,6810501120.0,0.38749999999999996,-2.208941316583333e+18,820.3333333333334,6.333333333333333,0.9973404255319149,1.0
196,0.75,258.7200000000001,64.0,1410000000.0,1215000000.0,6810501120.0,0.38999999999999996,-2.2089413093333332e+18,827.5,5.583333333333333,1.0,1.0
197,0.7544444444444445,254.61777777777783,64.0,1396666666.6666667,1215000000.0,6810501120.0,0.3844444444444444,-2.2089413029999997e+18,833.7777777777778,7.0,0.9905437352245863,1.0
198,0.76,249.48999999999998,64.0,1380000000.0,1215000000.0,6810501120.0,0.38,-2.2089412976666665e+18,839.2222222222222,14.777777777777779,0.9787234042553192,1.0
199,0.76,249.48999999999998,64.0,1380000000.0,1215000000.0,6810501120.0,0.38,-2.2089412917777777e+18,845.2222222222222,7.0,0.9787234042553192,1.0
200,0.776,238.362,64.8,1368000000.0,1215000000.0,6810501120.0,0.38900000000000007,-2.2089412861e+18,850.8,6.3,0.9702127659574471,1.0
201,0.7799999999999999,235.57999999999998,65.0,1365000000.0,1215000000.0,6810501120.0,0.38999999999999996,-2.2089412793846157e+18,857.4615384615385,5.923076923076923,0.968085106382979,1.0
202,0.7625000000000001,251.24666666666664,64.33333333333333,1375000000.0,1215000000.0,6810501120.0,0.3833333333333333,-2.2089412719166666e+18,865.0,6.5,0.9751773049645392,1.0
203,0.75,259.08,64.0,1380000000.0,1215000000.0,6810501120.0,0.38,-2.208941267e+18,870.0,5.5,0.9787234042553192,1.0
204,0.75,259.08,64.0,1380000000.0,1215000000.0,6810501120.0,0.37999999999999995,-2.2089412633333338e+18,873.5,4.5,0.9787234042553193,1.0
205,0.7514285714285714,256.7185714285714,64.14285714285714,1380000000.0,1215000000.0,6810501120.0,0.3828571428571429,-2.208941259142857e+18,877.7142857142857,4.0,0.9787234042553193,1.0
206,0.76,242.55000000000004,65.0,1380000000.0,1215000000.0,6810501120.0,0.39,-2.2089412542222223e+18,882.6666666666666,7.222222222222222,0.9787234042553192,1.0
207,0.76,242.55000000000004,65.0,1380000000.0,1215000000.0,6810501120.0,0.39,-2.2089412487777777e+18,888.1111111111111,10.0,0.9787234042553192,1.0
208,0.7644444444444445,248.18111111111114,65.0,1373333333.3333333,1215000000.0,6810501120.0,0.39,-2.208941243222222e+18,893.7777777777778,5.0,0.9739952718676125,1.0
209,0.7699999999999999,255.21999999999997,65.0,1365000000.0,1215000000.0,6810501120.0,0.39,-2.2089412374e+18,899.5,4.3,0.9680851063829788,1.0
210,0.7699999999999999,255.3558333333333,64.91666666666667,1367500000.0,1215000000.0,6810501120.0,0.38999999999999996,-2.2089412307500004e+18,906.0833333333334,8.0,0.9698581560283689,1.0
211,0.7400000000000001,256.84999999999997,64.0,1395000000.0,1215000000.0,6810501120.0,0.38999999999999996,-2.2089412237499999e+18,913.25,10.5,0.9893617021276596,1.0
212,0.7400000000000001,256.84999999999997,64.0,1395000000.0,1215000000.0,6810501120.0,0.39,-2.2089412167272727e+18,920.1818181818181,12.545454545454545,0.9893617021276596,1.0
213,0.7400000000000001,258.34090909090907,64.9090909090909,1408636363.6363637,1215000000.0,6810501120.0,0.38090909090909086,-2.2089412104545454e+18,926.5454545454545,4.7272727272727275,0.9990328820116054,1.0
214,0.74,258.48999999999995,65.0,1410000000.0,1215000000.0,6810501120.0,0.38,-2.208941204e+18,933.0,4.3,1.0,1.0
215,0.32583333333333325,152.68499999999997,62.083333333333336,1410000000.0,1215000000.0,6810501120.0,0.14,-2.2089411975000003e+18,939.5,5.666666666666667,1.0,1.0
216,0.030000000000000006,77.11,60.0,1410000000.0,1215000000.0,6810501120.0,0.019999999999999997,-2.208941190909091e+18,946.0909090909091,5.818181818181818,1.0,1.0
217,0.46799999999999997,179.55399999999997,62.4,1410000000.0,1215000000.0,6810501120.0,0.254,-2.2089411816500004e+18,955.35,5.55,1.0,1.0
218,0.7599999999999999,247.84999999999997,64.0,1408928571.4285715,1215000000.0,6810501120.0,0.38071428571428567,-2.2089411715714286e+18,965.2857142857143,5.571428571428571,0.9992401215805471,1.0
219,0.75,248.38000000000002,63.0,1395000000.0,1215000000.0,6810501120.0,0.39,-2.2089411643e+18,972.5,5.1,0.9893617021276595,1.0
220,0.75,248.38000000000002,63.0,1395000000.0,1215000000.0,6810501120.0,0.39,-2.2089411580000003e+18,978.9090909090909,6.7272727272727275,0.9893617021276596,1.0
221,0.7425,251.16250000000005,63.0,1383750000.0,1215000000.0,6810501120.0,0.38166666666666665,-2.2089411509166666e+18,986.0,7.5,0.9813829787234044,1.0
222,0.7400000000000001,252.08999999999997,63.0,1380000000.0,1215000000.0,6810501120.0,0.37999999999999995,-2.208941144857143e+18,991.8571428571429,4.571428571428571,0.9787234042553193,1.0
223,0.74,252.09,63.0,1380000000.0,1215000000.0,6810501120.0,0.38,-2.208941140375e+18,996.5,4.5,0.9787234042553192,1.0
224,0.75,244.36000000000007,63.0,1380000000.0,1215000000.0,6810501120.0,0.37999999999999995,-2.2089411340769236e+18,1002.8461538461538,7.0,0.9787234042553193,1.0
225,0.75,244.90857142857143,63.0,1380000000.0,1215000000.0,6810501120.0,0.38214285714285706,-2.2089411257857144e+18,1011.1428571428571,4.142857142857143,0.9787234042553193,1.0
226,0.75,248.19999999999996,63.0,1380000000.0,1215000000.0,6810501120.0,0.39,-2.208941118888889e+18,1017.8888888888889,8.88888888888889,0.9787234042553192,1.0
227,0.75,248.2,63.0,1380000000.0,1215000000.0,6810501120.0,0.39,-2.208941113875e+18,1023.0,4.5,0.9787234042553192,1.0
228,0.7442857142857144,238.93142857142857,63.0,1397142857.142857,1215000000.0,6810501120.0,0.3835714285714285,-2.208941107357143e+18,1029.642857142857,6.0,0.9908814589665653,1.0
229,0.7452173913043478,230.944347826087,63.0,1406086956.5217392,1215000000.0,6810501120.0,0.3826086956521739,-2.2089410962608701e+18,1040.608695652174,6.173913043478261,0.9972247918593895,1.0
230,0.76,228.01,63.0,1395000000.0,1215000000.0,6810501120.0,0.39,-2.20894108675e+18,1050.125,9.5,0.9893617021276596,1.0
231,0.76,228.01,63.0,1395000000.0,1215000000.0,6810501120.0,0.39,-2.20894108175e+18,1055.125,8.5,0.9893617021276596,1.0
232,0.3175,227.7025,61.5,1395000000.0,1215000000.0,6810501120.0,0.11875,-2.20894107675e+18,1060.0,5.25,0.9893617021276596,1.0
233,0.16999999999999998,227.6,61.0,1395000000.0,1215000000.0,6810501120.0,0.07999999999999999,-2.2089410714e+18,1065.6,5.5,0.9893617021276595,1.0
234,0.23555555555555557,231.98222222222225,61.666666666666664,1395000000.0,1215000000.0,6810501120.0,0.14666666666666664,-2.2089410647777782e+18,1072.2222222222222,5.111111111111111,0.9893617021276595,1.0
235,0.76,247.32000000000002,64.0,1395000000.0,1215000000.0,6810501120.0,0.38,-2.2089410586e+18,1078.4,14.5,0.9893617021276595,1.0
236,0.7599999999999999,247.32000000000005,64.0,1395000000.0,1215000000.0,6810501120.0,0.37999999999999995,-2.2089410521818184e+18,1084.6363636363637,7.0,0.9893617021276596,1.0
237,0.7333333333333333,255.26666666666662,63.111111111111114,1395000000.0,1215000000.0,6810501120.0,0.38888888888888895,-2.2089410462222223e+18,1090.7777777777778,5.0,0.9893617021276595,1.0
238,0.7300000000000001,256.26000000000005,63.0,1395000000.0,1215000000.0,6810501120.0,0.39,-2.2089410400909092e+18,1096.7272727272727,7.0,0.9893617021276596,1.0
239,0.7324999999999999,254.41625,63.125,1395000000.0,1215000000.0,6810501120.0,0.385,-2.2089410345e+18,1102.5,5.5,0.9893617021276596,1.0
240,0.75,241.51000000000008,64.0,1395000000.0,1215000000.0,6810501120.0,0.37000000000000005,-2.2089410280769231e+18,1108.8461538461538,4.6923076923076925,0.9893617021276596,1.0
241,0.75,243.6042857142858,64.0,1395000000.0,1215000000.0,6810501120.0,0.3742857142857142,-2.2089410202857144e+18,1116.642857142857,6.0,0.9893617021276596,1.0
242,0.75,256.17,64.0,1395000000.0,1215000000.0,6810501120.0,0.39,-2.2089410133333332e+18,1123.5555555555557,5.666666666666667,0.9893617021276595,1.0
243,0.75,256.17,64.0,1395000000.0,1215000000.0,6810501120.0,0.39,-2.208941007875e+18,1129.0,11.5,0.9893617021276596,1.0
244,0.75,250.31307692307695,64.0,1395000000.0,1215000000.0,6810501120.0,0.38999999999999996,-2.2089410007692306e+18,1136.076923076923,3.769230769230769,0.9893617021276596,1.0
245,0.75,247.70999999999998,64.0,1395000000.0,1215000000.0,6810501120.0,0.39,-2.2089409941111112e+18,1142.888888888889,7.222222222222222,0.9893617021276595,1.0
246,0.7514285714285714,248.15714285714284,64.0,1395000000.0,1215000000.0,6810501120.0,0.39000000000000007,-2.2089409892857142e+18,1147.7142857142858,9.0,0.9893617021276596,1.0
247,0.7599999999999999,250.84000000000006,64.0,1395000000.0,1215000000.0,6810501120.0,0.38999999999999996,-2.2089409830714286e+18,1153.7857142857142,4.928571428571429,0.9893617021276596,1.0
248,0.76,250.84,64.0,1395000000.0,1215000000.0,6810501120.0,0.39,-2.20894097625e+18,1160.625,4.875,0.9893617021276596,1.0
249,0.7599999999999999,228.79,63.0,1380000000.0,1215000000.0,6810501120.0,0.37999999999999995,-2.208940969181818e+18,1167.6363636363637,5.454545454545454,0.9787234042553193,1.0
250,0.76,228.79000000000002,63.0,1380000000.0,1215000000.0,6810501120.0,0.38,-2.2089409631111114e+18,1173.7777777777778,5.0,0.9787234042553192,1.0
251,0.7599999999999999,232.12333333333333,63.666666666666664,1390000000.0,1215000000.0,6810501120.0,0.38749999999999996,-2.2089409567499999e+18,1180.25,7.75,0.9858156028368795,1.0
252,0.76,234.83375,63.9375,1394062500.0,1215000000.0,6810501120.0,0.39,-2.208940947375e+18,1189.5625,6.0625,0.9886968085106382,1.0
253,0.7400000000000001,250.48999999999992,63.0,1380000000.0,1215000000.0,6810501120.0,0.38999999999999996,-2.2089409380714289e+18,1198.9285714285713,4.714285714285714,0.9787234042553193,1.0
254,0.742,250.12999999999997,63.0,1383000000.0,1215000000.0,6810501120.0,0.392,-2.2089409299999997e+18,1206.9,5.5,0.9808510638297874,1.0
255,0.76,246.88999999999996,63.0,1395000000.0,1215000000.0,6810501120.0,0.4,-2.2089409227e+18,1214.2,3.4,0.9893617021276595,1.0
256,0.76,243.70210526315785,63.0,1395000000.0,1215000000.0,6810501120.0,0.3947368421052631,-2.2089409131052628e+18,1223.8947368421052,5.631578947368421,0.9893617021276595,1.0
257,0.7599999999999999,241.23230769230764,63.0,1396153846.1538463,1215000000.0,6810501120.0,0.38999999999999996,-2.2089409016923077e+18,1235.3076923076924,4.076923076923077,0.9901800327332242,1.0
258,0.75,254.10000000000002,63.0,1410000000.0,1215000000.0,6810501120.0,0.39,-2.2089408935555553e+18,1243.4444444444443,4.333333333333333,1.0,1.0
259,0.7483333333333334,253.08166666666668,63.0,1410000000.0,1215000000.0,6810501120.0,0.38500000000000006,-2.208940885833333e+18,1251.0,6.0,1.0,1.0
260,0.7300000000000001,241.88000000000002,63.0,1410000000.0,1215000000.0,6810501120.0,0.36,-2.2089408785000005e+18,1258.4,5.5,1.0,1.0
261,0.7300000000000001,241.88000000000002,63.0,1410000000.0,1215000000.0,6810501120.0,0.36,-2.2089408717e+18,1265.2,6.5,1.0,1.0
262,0.7481818181818182,243.29,63.0,1395000000.0,1215000000.0,6810501120.0,0.39,-2.208940864909091e+18,1272.090909090909,5.181818181818182,0.9893617021276596,1.0
263,0.75,243.29,63.0,1395000000.0,1215000000.0,6810501120.0,0.39,-2.2089408575454543e+18,1279.2727272727273,5.363636363636363,0.9893617021276596,1.0
264,0.75875,240.735,63.0,1381875000.0,1215000000.0,6810501120.0,0.38125,-2.2089408489375002e+18,1287.875,4.75,0.9800531914893618,1.0
265,0.7599999999999999,240.36999999999998,63.0,1380000000.0,1215000000.0,6810501120.0,0.37999999999999995,-2.2089408418333335e+18,1295.0,5.0,0.9787234042553193,1.0
266,0.7446153846153847,249.94692307692316,63.0,1391538461.5384614,1215000000.0,6810501120.0,0.37999999999999995,-2.208940835846154e+18,1301.076923076923,5.615384615384615,0.9869067103109657,1.0
267,0.7400000000000001,252.82000000000005,63.0,1395000000.0,1215000000.0,6810501120.0,0.37999999999999995,-2.2089408273333338e+18,1309.6666666666667,6.25,0.9893617021276596,1.0
268,0.776,243.71199999999993,63.0,1395000000.0,1215000000.0,6810501120.0,0.4,-2.2089408203999997e+18,1316.6,6.4,0.9893617021276595,1.0
269,0.78,242.69999999999996,63.0,1395000000.0,1215000000.0,6810501120.0,0.4,-2.2089408138888888e+18,1323.0,6.333333333333333,0.9893617021276595,1.0
270,0.7725,237.88125,63.0,1395000000.0,1215000000.0,6810501120.0,0.39,-2.20894080825e+18,1328.625,5.5,0.9893617021276596,1.0
271,0.76,229.85,63.0,1395000000.0,1215000000.0,6810501120.0,0.38,-2.2089408025000003e+18,1334.5,3.9,0.9893617021276595,1.0
272,0.7573333333333333,233.35666666666665,63.0,1391000000.0,1215000000.0,6810501120.0,0.38266666666666654,-2.2089407949333335e+18,1342.0666666666666,5.066666666666666,0.9865248226950355,1.0
273,0.75,243.0,63.0,1380000000.0,1215000000.0,6810501120.0,0.39,-2.208940788e+18,1349.0,3.875,0.9787234042553192,1.0
274,0.75,243.0,63.0,1380000000.0,1215000000.0,6810501120.0,0.38999999999999996,-2.2089407817692308e+18,1355.1538461538462,8.692307692307692,0.9787234042553193,1.0
275,0.75,235.06,62.0,1380000000.0,1215000000.0,6810501120.0,0.39,-2.2089407747e+18,1362.2,4.9,0.9787234042553192,1.0
276,0.75,235.06,62.0,1380000000.0,1215000000.0,6810501120.0,0.39,-2.2089407699999997e+18,1366.8,8.0,0.9787234042553192,1.0
277,0.748,235.968,62.0,1383000000.0,1215000000.0,6810501120.0,0.39,-2.2089407652000003e+18,1371.7,4.7,0.9808510638297874,1.0
278,0.73,244.13999999999996,62.0,1410000000.0,1215000000.0,6810501120.0,0.39,-2.2089407602e+18,1376.6,3.0,1.0,1.0
279,0.7299999999999999,244.13999999999993,62.0,1410000000.0,1215000000.0,6810501120.0,0.39000000000000007,-2.2089407565714286e+18,1380.4285714285713,5.0,1.0,1.0
280,0.73,244.14,62.0,1410000000.0,1215000000.0,6810501120.0,0.39,-2.2089407515555558e+18,1385.4444444444443,1.5555555555555556,1.0,1.0
281,0.7390909090909091,253.5218181818182,61.09090909090909,1410000000.0,1215000000.0,6810501120.0,0.39,-2.208940745181818e+18,1391.7272727272727,2.3636363636363638,1.0,1.0
282,0.7400000000000001,254.46,61.0,1410000000.0,1215000000.0,6810501120.0,0.39000000000000007,-2.2089407395e+18,1397.3333333333333,6.5,1.0,1.0
283,0.74,254.46,61.0,1410000000.0,1215000000.0,6810501120.0,0.39,-2.208940735125e+18,1401.875,1.75,1.0,1.0
284,0.7400000000000001,241.72,60.0,1395000000.0,1215000000.0,6810501120.0,0.39000000000000007,-2.2089407302857142e+18,1406.7142857142858,3.4285714285714284,0.9893617021276596,1.0
285,0.74,241.71999999999997,60.0,1395000000.0,1215000000.0,6810501120.0,0.39,-2.2089407246999997e+18,1412.3,2.0,0.9893617021276595,1.0
286,0.692,244.66800000000003,59.6,1401000000.0,1215000000.0,6810501120.0,0.35,-2.2089407184999997e+18,1418.5,2.9,0.9936170212765958,1.0
287,0.62,249.09,59.0,1410000000.0,1215000000.0,6810501120.0,0.31,-2.2089407123e+18,1424.6,3.5,1.0,1.0
288,0.6909090909090909,242.07545454545453,60.09090909090909,1410000000.0,1215000000.0,6810501120.0,0.3545454545454545,-2.2089407028181814e+18,1434.090909090909,2.727272727272727,1.0,1.0
289,0.75,236.22999999999996,61.0,1410000000.0,1215000000.0,6810501120.0,0.38,-2.2089406957e+18,1441.3,1.7,1.0,1.0
290,0.7590000000000001,238.86700000000002,60.7,1405500000.0,1215000000.0,6810501120.0,0.388,-2.2089406891e+18,1447.9,3.4,0.9968085106382979,1.0
291,0.78,245.02000000000004,60.0,1395000000.0,1215000000.0,6810501120.0,0.4,-2.2089406827e+18,1454.2,2.8,0.9893617021276595,1.0
292,0.7800000000000001,245.02,60.0,1395000000.0,1215000000.0,6810501120.0,0.39999999999999997,-2.2089406775e+18,1459.3333333333333,3.0,0.9893617021276596,1.0
293,0.7633333333333333,241.5477777777778,60.0,1405000000.0,1215000000.0,6810501120.0,0.39333333333333337,-2.208940672222222e+18,1464.6666666666667,2.7777777777777777,0.9964539007092199,1.0
294,0.75,238.77000000000004,60.0,1410000000.0,1215000000.0,6810501120.0,0.39,-2.2089406664e+18,1470.5,3.7,1.0,1.0
295,0.75,238.22454545454548,59.72727272727273,1405909090.909091,1215000000.0,6810501120.0,0.39272727272727276,-2.2089406595454548e+18,1477.3636363636363,2.0,0.9970986460348162,1.0
296,0.75,236.77,59.0,1395000000.0,1215000000.0,6810501120.0,0.4000000000000001,-2.2089406520000003e+18,1485.0,2.4615384615384617,0.9893617021276596,1.0
297,0.7475,236.36500000000004,59.25,1395000000.0,1215000000.0,6810501120.0,0.39666666666666667,-2.2089406442500001e+18,1492.6666666666667,5.333333333333333,0.9893617021276596,1.0
298,0.74,235.15,60.0,1395000000.0,1215000000.0,6810501120.0,0.39,-2.2089406387999997e+18,1498.0,3.4,0.9893617021276595,1.0
299,0.74,235.15,60.0,1395000000.0,1215000000.0,6810501120.0,0.39,-2.2089406343000003e+18,1502.6,5.5,0.9893617021276595,1.0
300,0.7475,237.29500000000002,60.375,1400625000.0,1215000000.0,6810501120.0,0.39,-2.2089406285e+18,1508.5,4.5,0.9933510638297873,1.0
301,0.77,240.87,61.0,1410000000.0,1215000000.0,6810501120.0,0.39,-2.2089406231111112e+18,1513.7777777777778,3.6666666666666665,1.0,1.0
302,0.77,240.87,61.0,1410000000.0,1215000000.0,6810501120.0,0.39,-2.20894061775e+18,1519.25,4.0,1.0,1.0
303,0.6114285714285714,169.6371428571429,59.285714285714285,1410000000.0,1215000000.0,6810501120.0,0.2871428571428571,-2.208940612857143e+18,1524.0,2.857142857142857,1.0,1.0
304,0.40000000000000013,74.66,58.0,1410000000.0,1215000000.0,6810501120.0,0.21,-2.2089406064666665e+18,1530.5333333333333,2.8,1.0,1.0
305,0.51,127.55000000000001,59.0,1410000000.0,1215000000.0,6810501120.0,0.28555555555555556,-2.208940598666667e+18,1538.2222222222222,2.6666666666666665,1.0,1.0
306,0.7300000000000001,233.33,61.0,1410000000.0,1215000000.0,6810501120.0,0.38,-2.2089405926999997e+18,1544.2,3.5,1.0,1.0
307,0.73,233.33000000000004,61.0,1410000000.0,1215000000.0,6810501120.0,0.38,-2.2089405867777774e+18,1550.2222222222222,3.6666666666666665,1.0,1.0
308,0.7633333333333333,127.49,59.0,1410000000.0,1215000000.0,6810501120.0,0.4000000000000001,-2.2089405826666668e+18,1554.3333333333333,2.6666666666666665,1.0,1.0
309,0.78,74.57,58.0,1410000000.0,1215000000.0,6810501120.0,0.4,-2.2089405794000003e+18,1557.6,1.8,1.0,1.0
310,0.78,74.57,58.0,1410000000.0,1215000000.0,6810501120.0,0.4,-2.208940574875e+18,1562.125,1.625,1.0,1.0
311,0.78,74.57,58.0,1410000000.0,1215000000.0,6810501120.0,0.4,-2.208940572e+18,1565.0,3.0,1.0,1.0
312,0.78,74.57,58.0,1410000000.0,1215000000.0,6810501120.0,0.4,-2.20894057e+18,1567.0,1.0,1.0,1.0
313,0.7799999999999999,74.57,58.0,1410000000.0,1215000000.0,6810501120.0,0.38999999999999996,-2.2089405686666668e+18,1568.3333333333333,1.3333333333333333,1.0,1.0
314,0.7000000000000001,72.89,56.0,1410000000.0,1215000000.0,6810501120.0,0.37,-2.208940567e+18,1570.0,2.0,1.0,1.0
315,0.7000000000000001,72.89,56.0,1410000000.0,1215000000.0,6810501120.0,0.37,-2.2089405655e+18,1571.5,4.5,1.0,1.0
316,0.7000000000000001,72.89,56.0,1410000000.0,1215000000.0,6810501120.0,0.37,-2.2089405635e+18,1573.0,7.5,1.0,1.0
317,0.7000000000000001,72.89,56.0,1410000000.0,1215000000.0,6810501120.0,0.36999999999999994,-2.2089405616666665e+18,1575.3333333333333,2.0,1.0,1.0
318,0.7000000000000001,72.89,56.0,1410000000.0,1215000000.0,6810501120.0,0.37,-2.2089405595e+18,1577.5,1.5,1.0,1.0
319,0.7000000000000001,72.89,56.0,1410000000.0,1215000000.0,6810501120.0,0.37,-2.2089405566e+18,1580.2,2.8,1.0,1.0
320,0.5866666666666667,73.49000000000001,57.333333333333336,1410000000.0,1215000000.0,6810501120.0,0.2844444444444444,-2.208940551777778e+18,1585.0,4.666666666666667,1.0,1.0
321,0.53,73.79,58.0,1410000000.0,1215000000.0,6810501120.0,0.26,-2.2089405475e+18,1589.0,1.5,1.0,1.0
322,0.53,73.79,58.0,1410000000.0,1215000000.0,6810501120.0,0.26,-2.2089405456666665e+18,1591.3333333333333,5.0,1.0,1.0
323,0.53,73.79,58.0,1410000000.0,1215000000.0,6810501120.0,0.26,-2.2089405435e+18,1593.5,4.5,1.0,1.0
324,0.53,73.79,58.0,1410000000.0,1215000000.0,6810501120.0,0.26,-2.2089405411999997e+18,1595.8,5.0,1.0,1.0
325,0.6350000000000001,159.39000000000001,60.0,1400000000.0,1215000000.0,6810501120.0,0.3466666666666667,-2.2089405375e+18,1599.3333333333333,3.5,0.9929078014184398,1.0
326,0.74,244.99,62.0,1395000000.0,1215000000.0,6810501120.0,0.39,-2.208940534e+18,1603.0,9.5,0.9893617021276596,1.0
327,0.74,244.99,62.0,1395000000.0,1215000000.0,6810501120.0,0.39,-2.208940532e+18,1605.0,13.0,0.9893617021276596,1.0
328,0.7399999999999999,244.99,62.0,1395000000.0,1215000000.0,6810501120.0,0.38999999999999996,-2.2089405303333335e+18,1606.3333333333333,1.3333333333333333,0.9893617021276596,1.0
329,0.74,244.99,62.0,1395000000.0,1215000000.0,6810501120.0,0.39,-2.208940528e+18,1609.0,2.25,0.9893617021276596,1.0
330,0.74,244.99,62.0,1395000000.0,1215000000.0,6810501120.0,0.39,-2.20894052475e+18,1612.0,2.5,0.9893617021276596,1.0
331,,,,,,,,,,,,
332,,,,,,,,,,,,
333,,,,,,,,,,,,
334,,,,,,,,,,,,
335,,,,,,,,,,,,
336,,,,,,,,,,,,
337,,,,,,,,,,,,
338,,,,,,,,,,,,
339,,,,,,,,,,,,
340,,,,,,,,,,,,
341,,,,,,,,,,,,
342,,,,,,,,,,,,
343,,,,,,,,,,,,
344,,,,,,,,,,,,
345,,,,,,,,,,,,
346,,,,,,,,,,,,
347,,,,,,,,,,,,
348,,,,,,,,,,,,
349,,,,,,,,,,,,
350,,,,,,,,,,,,
351,,,,,,,,,,,,
352,,,,,,,,,,,,
353,,,,,,,,,,,,
354,,,,,,,,,,,,
355,,,,,,,,,,,,
356,,,,,,,,,,,,
357,,,,,,,,,,,,
358,,,,,,,,,,,,
359,,,,,,,,,,,,
360,,,,,,,,,,,,
361,,,,,,,,,,,,
362,,,,,,,,,,,,
363,,,,,,,,,,,,
364,,,,,,,,,,,,
365,,,,,,,,,,,,
366,,,,,,,,,,,,
367,,,,,,,,,,,,
368,,,,,,,,,,,,
369,,,,,,,,,,,,
370,,,,,,,,,,,,
371,,,,,,,,,,,,
372,,,,,,,,,,,,
373,,,,,,,,,,,,
374,,,,,,,,,,,,
375,,,,,,,,,,,,
376,,,,,,,,,,,,
377,,,,,,,,,,,,
378,,,,,,,,,,,,
379,,,,,,,,,,,,
380,,,,,,,,,,,,
381,,,,,,,,,,,,
382,,,,,,,,,,,,
383,,,,,,,,,,,,
384,,,,,,,,,,,,
385,,,,,,,,,,,,
386,,,,,,,,,,,,
387,,,,,,,,,,,,
388,,,,,,,,,,,,
389,,,,,,,,,,,,
390,,,,,,,,,,,,
391,,,,,,,,,,,,
392,,,,,,,,,,,,
393,,,,,,,,,,,,
394,,,,,,,,,,,,
395,,,,,,,,,,,,
396,,,,,,,,,,,,
397,,,,,,,,,,,,
398,,,,,,,,,,,,
399,,,,,,,,,,,,
400,,,,,,,,,,,,
401,,,,,,,,,,,,
402,,,,,,,,,,,,
403,,,,,,,,,,,,
404,,,,,,,,,,,,
405,,,,,,,,,,,,
406,,,,,,,,,,,,
407,0.77,232.43,66.0,1395000000.0,1215000000.0,6810501120.0,0.4,-2.2089418915e+18,245.5,2.5,0.9893617021276596,1.0
