GPU Utilization (%),Power Draw (Watts),GPU Current Clock (MHz),Memory Allocation Used (MB),Response Time,GPU Utilization (%) Weight,Power Draw (Watts) Weight,GPU Current Clock (MHz) Weight,Memory Allocation Used (MB) Weight,Linear Combination
0.0,1.0747271511868139e-17,6.111548669343718e-11,4.272282171670505e-12,2.606602931,8.32041903414823e+18,8.797573536047041e+17,-107117741463.0959,-391297416.0020825,2.9067665077592535
0.0,1.0747271520569666e-17,6.111548674291933e-11,4.272282175129559e-12,0.522210414,8.32041903414823e+18,8.797573536047041e+17,-107117741463.0959,-391297416.0020825,2.906766510112717
0.0,1.0747271530474169e-17,6.111548679924231e-11,4.27228217906682e-12,2.582972253,8.32041903414823e+18,8.797573536047041e+17,-107117741463.0959,-391297416.0020825,2.9067665127915445
9.05414620155643e-21,4.608334062937184e-17,3.429257873839498e-10,2.013194304398338e-09,0.955865074,8.32041903414823e+18,8.797573536047041e+17,-107117741463.0959,-391297416.0020825,3.096298524509996
1.8108292414238382e-20,8.141940976751932e-17,6.247360882912243e-10,3.017655317359845e-09,1.14516614,8.32041903414823e+18,8.797573536047041e+17,-107117741463.0959,-391297416.0020825,3.678873533696087
1.8108292449020292e-20,8.141940992390752e-17,6.247360894912001e-10,3.0176553231560724e-09,6.386830812,8.32041903414823e+18,8.797573536047041e+17,-107117741463.0959,-391297416.0020825,3.6788735407623974
3.6006307294633506e-19,8.587412184249235e-17,6.24736107406139e-10,3.018557427070116e-09,122.640793729,8.32041903414823e+18,8.797573536047041e+17,-107117741463.0959,-391297416.0020825,10.442791263857425
3.7412765130244426e-19,8.684314347448981e-17,6.247361291891476e-10,3.018604911012079e-09,27.975641723,8.32041903414823e+18,8.797573536047041e+17,-107117741463.0959,-391297416.0020825,11.412297442180204
3.73677576070375e-19,8.638600337931791e-17,6.24736134447875e-10,3.0186049364212382e-09,7.853273721,8.32041903414823e+18,8.797573536047041e+17,-107117741463.0959,-391297416.0020825,11.006379694051901
3.753910358845795e-19,8.481899416619245e-17,6.247361385818975e-10,3.018604956396041e-09,20.550966785,8.32041903414823e+18,8.797573536047041e+17,-107117741463.0959,-391297416.0020825,9.642048068647586
3.802741732031128e-19,8.258740168743316e-17,6.24736141690828e-10,3.0186049714177957e-09,0.433608733,8.32041903414823e+18,8.797573536047041e+17,-107117741463.0959,-391297416.0020825,7.719417585002045
3.802741733293583e-19,8.258740171485097e-17,6.247361418982314e-10,3.018604972419928e-09,0.652938889,8.32041903414823e+18,8.797573536047041e+17,-107117741463.0959,-391297416.0020825,7.7194175875647675
3.8027417362632203e-19,8.258740177934517e-17,6.247361423861003e-10,3.018604974777218e-09,1.475372556,8.32041903414823e+18,8.797573536047041e+17,-107117741463.0959,-391297416.0020825,7.719417593593067
3.6895649032589536e-19,8.082599302950115e-17,6.2473614312851e-10,3.018604978364398e-09,2.521371272,8.32041903414823e+18,8.797573536047041e+17,-107117741463.0959,-391297416.0020825,6.075637344729868
3.576388073199526e-19,7.956784401842389e-17,6.247361444323221e-10,3.018604984664168e-09,5.908727855,8.32041903414823e+18,8.797573536047041e+17,-107117741463.0959,-391297416.0020825,4.874603493072585
3.576388082938156e-19,7.956784423508991e-17,6.247361461335004e-10,3.018604992883935e-09,5.411088269,8.32041903414823e+18,8.797573536047041e+17,-107117741463.0959,-391297416.0020825,4.874603506346297
3.615191581118272e-19,7.745305440749313e-17,6.247361480072005e-10,3.019418770050501e-09,7.606308259,8.32041903414823e+18,8.797573536047041e+17,-107117741463.0959,-391297416.0020825,3.0460691110655573
3.621658840914001e-19,7.710058964950793e-17,6.24736150057665e-10,3.0195544079799356e-09,5.949438376,8.32041903414823e+18,8.797573536047041e+17,-107117741463.0959,-391297416.0020825,2.741313385079456
3.6216588540088383e-19,8.328361935338124e-17,6.247361523165243e-10,3.0195544188977436e-09,8.780840177,8.32041903414823e+18,8.797573536047041e+17,-107117741463.0959,-391297416.0020825,8.18087899927775
3.6340054344952003e-19,8.317551147478467e-17,6.24736155103478e-10,3.0195544323680027e-09,10.132839782,8.32041903414823e+18,8.797573536047041e+17,-107117741463.0959,-391297416.0020825,8.096042866625282
3.666929615519508e-19,7.849040206651506e-17,6.247361567181383e-10,3.019554440172184e-09,0.888768939,8.32041903414823e+18,8.797573536047041e+17,-107117741463.0959,-391297416.0020825,4.0016775344928295
3.66692961861826e-19,7.849040213284368e-17,6.247361572460736e-10,3.019554442723869e-09,1.70584645,8.32041903414823e+18,8.797573536047041e+17,-107117741463.0959,-391297416.0020825,4.001677537874508
3.666929624326489e-19,7.849040225502797e-17,6.247361582185865e-10,3.0195544474243434e-09,4.257368292,8.32041903414823e+18,8.797573536047041e+17,-107117741463.0959,-391297416.0020825,4.001677544103855
3.6669296339204783e-19,8.155836543045694e-17,6.247361598531186e-10,3.019554455324571e-09,6.242879646,8.32041903414823e+18,8.797573536047041e+17,-107117741463.0959,-391297416.0020825,6.700740538079802
3.666929647264696e-19,8.646710649722926e-17,6.247361621265779e-10,3.019554466312944e-09,9.42921705,8.32041903414823e+18,8.797573536047041e+17,-107117741463.0959,-391297416.0020825,11.01924135178956
3.7008827174038184e-19,8.521763458398707e-17,6.247361651397269e-10,3.0195544808764802e-09,11.778499063,8.32041903414823e+18,8.797573536047041e+17,-107117741463.0959,-391297416.0020825,9.948259296637145
3.7438354006497443e-19,8.51649465952058e-17,6.247361695664651e-10,3.0195545022723555e-09,18.848037412,8.32041903414823e+18,8.797573536047041e+17,-107117741463.0959,-391297416.0020825,9.937644600830541
3.7183388604974456e-19,8.630328948467621e-17,6.247361742090422e-10,3.0195545247114523e-09,13.333993225,8.32041903414823e+18,8.797573536047041e+17,-107117741463.0959,-391297416.0020825,10.917895432884215
3.7166716682006736e-19,8.452627966200486e-17,6.247361790548439e-10,3.019554548132798e-09,19.219515892,8.32041903414823e+18,8.797573536047041e+17,-107117741463.0959,-391297416.0020825,9.353170271873289
3.732056100097523e-19,8.633868358081112e-17,6.247361839405643e-10,3.0195545717470843e-09,13.577073248,8.32041903414823e+18,8.797573536047041e+17,-107117741463.0959,-391297416.0020825,10.96044590655595
3.576388314665729e-19,8.794746302406471e-17,6.247361866124942e-10,3.019554584661397e-09,0.20787784,8.32041903414823e+18,8.797573536047041e+17,-107117741463.0959,-391297416.0020825,12.246259040330902
3.5763883168244733e-19,8.794746307715066e-17,6.247361869895914e-10,3.019554586484031e-09,0.992548608,8.32041903414823e+18,8.797573536047041e+17,-107117741463.0959,-391297416.0020825,12.246259047722846
3.576388319360996e-19,8.794746313952666e-17,6.247361874326801e-10,3.019554588625624e-09,0.920416987,8.32041903414823e+18,8.797573536047041e+17,-107117741463.0959,-391297416.0020825,12.246259056408423
3.576388322414076e-19,8.794746321460536e-17,6.24736187966003e-10,3.019554591203348e-09,1.501632629,8.32041903414823e+18,8.797573536047041e+17,-107117741463.0959,-391297416.0020825,12.246259066862738
3.5763883284277173e-19,8.794746336248769e-17,6.247361890164874e-10,3.019554596280683e-09,3.526590143,8.32041903414823e+18,8.797573536047041e+17,-107117741463.0959,-391297416.0020825,12.246259087454654
3.757471287719452e-19,8.318045474765929e-17,6.247361900063664e-10,3.019554601065093e-09,2.621401058,8.32041903414823e+18,8.797573536047041e+17,-107117741463.0959,-391297416.0020825,8.203116706081733
3.7574712936730746e-19,8.31804548794567e-17,6.24736190996246e-10,3.019554605849505e-09,5.02107123,8.32041903414823e+18,8.797573536047041e+17,-107117741463.0959,-391297416.0020825,8.203116719079345
3.7574713013777626e-19,8.318045505001808e-17,6.247361922772663e-10,3.0195546120410963e-09,5.604665378,8.32041903414823e+18,8.797573536047041e+17,-107117741463.0959,-391297416.0020825,8.203116735899851
3.685792642446253e-19,8.47020551148641e-17,6.24736194052302e-10,3.019554620620425e-09,9.237479468,8.32041903414823e+18,8.797573536047041e+17,-107117741463.0959,-391297416.0020825,9.482115740887034
3.620630231196904e-19,8.587972345291208e-17,6.247361967555442e-10,3.0195546336860803e-09,9.962167251,8.32041903414823e+18,8.797573536047041e+17,-107117741463.0959,-391297416.0020825,10.463959970027423
3.5763883823962976e-19,8.417641212946427e-17,6.247361984439102e-10,3.019554641846505e-09,1.250536218,8.32041903414823e+18,8.797573536047041e+17,-107117741463.0959,-391297416.0020825,8.928648051612294
3.5763883852746226e-19,8.417641219721052e-17,6.24736198946706e-10,3.019554644276682e-09,1.667456043,8.32041903414823e+18,8.797573536047041e+17,-107117741463.0959,-391297416.0020825,8.928648058798183
3.576388390809048e-19,8.41764123274727e-17,6.247361999134793e-10,3.019554648949413e-09,3.585091266,8.32041903414823e+18,8.797573536047041e+17,-107117741463.0959,-391297416.0020825,8.928648072615166
3.5763883981281403e-19,8.417641249974002e-17,6.247362011920042e-10,3.019554655128943e-09,4.476294429,8.32041903414823e+18,8.797573536047041e+17,-107117741463.0959,-391297416.0020825,8.928648090887673
3.683098009695808e-19,8.125558778487517e-17,6.247362032249605e-10,3.019554664954886e-09,10.135429008,8.32041903414823e+18,8.797573536047041e+17,-107117741463.0959,-391297416.0020825,6.447817716105822
3.7122006399783604e-19,8.056833510938397e-17,6.247362052646509e-10,3.019554674813378e-09,4.063263692,8.32041903414823e+18,8.797573536047041e+17,-107117741463.0959,-391297416.0020825,5.867416506607967
3.6424082629310053e-19,8.535958299387741e-17,6.247362075001286e-10,3.019554685618175e-09,10.780415712,8.32041903414823e+18,8.797573536047041e+17,-107117741463.0959,-391297416.0020825,10.02448164000452
3.621659187636793e-19,8.678400828374658e-17,6.247362098673463e-10,3.019554697059714e-09,6.28986311,8.32041903414823e+18,8.797573536047041e+17,-107117741463.0959,-391297416.0020825,11.260365905277464
3.791059387268389e-19,8.07957118966741e-17,6.24736211815646e-10,3.0195547064764832e-09,6.339001271,8.32041903414823e+18,8.797573536047041e+17,-107117741463.0959,-391297416.0020825,6.13306597534408
3.7768731792658553e-19,8.018353497570169e-17,6.247362142415781e-10,3.019554718201808e-09,9.533326504,8.32041903414823e+18,8.797573536047041e+17,-107117741463.0959,-391297416.0020825,5.582695043454377
3.6216592208801217e-19,7.898838760739541e-17,6.247362156018209e-10,3.019554724776306e-09,0.519888921,8.32041903414823e+18,8.797573536047041e+17,-107117741463.0959,-391297416.0020825,4.402110691895097
3.6216592219731563e-19,7.89883876312345e-17,6.247362157903693e-10,3.0195547256876223e-09,0.393149931,8.32041903414823e+18,8.797573536047041e+17,-107117741463.0959,-391297416.0020825,4.402110693223684
3.6216592230661923e-19,7.898838765507361e-17,6.247362159789176e-10,3.019554726598939e-09,0.2878666,8.32041903414823e+18,8.797573536047041e+17,-107117741463.0959,-391297416.0020825,4.4021106945523
3.621659225252259e-19,7.898838770275176e-17,6.247362163560145e-10,3.0195547284215716e-09,1.691279756,8.32041903414823e+18,8.797573536047041e+17,-107117741463.0959,-391297416.0020825,4.402110697209449
3.6216592317714313e-19,7.898838784493485e-17,6.247362174805715e-10,3.019554733856924e-09,5.604544333,8.32041903414823e+18,8.797573536047041e+17,-107117741463.0959,-391297416.0020825,4.402110705133458
3.621659239325081e-19,7.898838800968001e-17,6.247362187835764e-10,3.019554740154772e-09,2.069457,8.32041903414823e+18,8.797573536047041e+17,-107117741463.0959,-391297416.0020825,4.402110714314889
3.62165924481758e-19,8.544218490373633e-17,6.247362197310324e-10,3.019554744734137e-09,2.889332908,8.32041903414823e+18,8.797573536047041e+17,-107117741463.0959,-391297416.0020825,10.079885891820881
3.621659248205987e-19,8.70556341787514e-17,6.247362203155327e-10,3.019554747559219e-09,0.36020129,8.32041903414823e+18,8.797573536047041e+17,-107117741463.0959,-391297416.0020825,11.499329695287077
3.621659257262559e-19,8.705563439644877e-17,6.247362218777916e-10,3.019554755110128e-09,9.165751575,8.32041903414823e+18,8.797573536047041e+17,-107117741463.0959,-391297416.0020825,11.499329724043099
3.621659268734544e-19,8.59165096553374e-17,6.247362238567088e-10,3.019554764674883e-09,3.335696328,8.32041903414823e+18,8.797573536047041e+17,-107117741463.0959,-391297416.0020825,10.497176150202668
3.6216592758870893e-19,8.539872572541753e-17,6.247362250905225e-10,3.01955477063831e-09,4.584883413,8.32041903414823e+18,8.797573536047041e+17,-107117741463.0959,-391297416.0020825,10.041651801731726
3.621659285011827e-19,8.539872594057885e-17,6.247362266645401e-10,3.019554778246051e-09,6.045977834,8.32041903414823e+18,8.797573536047041e+17,-107117741463.0959,-391297416.0020825,10.041651827031544
3.656065058157845e-19,8.510537176983774e-17,6.247362283627817e-10,3.019554786454209e-09,5.618702339,8.32041903414823e+18,8.797573536047041e+17,-107117741463.0959,-391297416.0020825,9.812198197964678
3.666930045250139e-19,8.503203338263374e-17,6.24736229931505e-10,3.019554794036363e-09,4.736927491,8.32041903414823e+18,8.797573536047041e+17,-107117741463.0959,-391297416.0020825,9.756718166056325
2.723392502422255e-19,8.271893715428104e-17,6.247362328391212e-10,3.0195548080898238e-09,13.239929137,8.32041903414823e+18,8.797573536047041e+17,-107117741463.0959,-391297416.0020825,6.936691659533518
3.3578401945212388e-19,8.009502579475368e-17,6.2473623702808e-10,3.019554828336433e-09,6.724486555,8.32041903414823e+18,8.797573536047041e+17,-107117741463.0959,-391297416.0020825,5.156172954499319
3.666930099312317e-19,7.976252027133787e-17,6.247362391420986e-10,3.019554838554176e-09,9.312371059,8.32041903414823e+18,8.797573536047041e+17,-107117741463.0959,-391297416.0020825,5.120824297421687
3.6367496147891123e-19,8.490074972085682e-17,6.247362408807851e-10,3.019554846957819e-09,7.641057292,8.32041903414823e+18,8.797573536047041e+17,-107117741463.0959,-391297416.0020825,9.616107822823068
3.621659379994738e-19,8.695604171367369e-17,6.247362430490922e-10,3.0195548574379583e-09,11.275107784,8.32041903414823e+18,8.797573536047041e+17,-107117741463.0959,-391297416.0020825,11.411710123262276
