,GPU Utilization (%),Power Draw (Watts),GPU Temp (°C),GPU Current Clock (GHz),Memory Current Clock (GHz),Memory Allocation Used (MB),Memory Utilization (%),GPU Stress,Current Time,Time Delta,Status,Iteration,Collect,GPU Clock Utilization,Memory Clock Utilization
0,0.0,24.17,23.0,135000.0,877000.0,5242880.0,0.0,Off,10:44:40,0,Live,1,True,0.09782608695652174,1.0
1,0.0,24.17,23.0,135000.0,877000.0,5242880.0,0.0,Off,10:44:41,2,Live,2,True,0.09782608695652174,1.0
2,0.0,24.17,23.0,135000.0,877000.0,5242880.0,0.0,Off,10:44:43,3,Live,3,True,0.09782608695652174,1.0
3,0.0,24.17,23.0,135000.0,877000.0,5242880.0,0.0,Off,10:44:44,5,Live,4,True,0.09782608695652174,1.0
4,0.0,24.17,23.0,135000.0,877000.0,5242880.0,0.0,Off,10:44:45,6,Live,5,True,0.09782608695652174,1.0
5,0.0,24.17,23.0,135000.0,877000.0,5242880.0,0.0,Off,10:44:47,7,Live,6,True,0.09782608695652174,1.0
6,0.0,24.17,23.0,135000.0,877000.0,5242880.0,0.0,Off,10:44:48,9,Live,7,True,0.09782608695652174,1.0
7,0.0,24.17,23.0,135000.0,877000.0,5242880.0,0.0,Off,10:44:50,10,Live,8,True,0.09782608695652174,1.0
8,0.0,24.17,23.0,135000.0,877000.0,5242880.0,0.0,Off,10:44:51,11,Live,9,True,0.09782608695652174,1.0
9,0.0,24.17,23.0,135000.0,877000.0,5242880.0,0.0,Off,10:44:52,13,Live,10,True,0.09782608695652174,1.0
10,0.0,24.17,23.0,135000.0,877000.0,5242880.0,0.0,Off,10:44:54,14,Live,11,True,0.09782608695652174,1.0
11,0.0,24.17,23.0,135000.0,877000.0,5242880.0,0.0,Off,10:44:55,15,Live,12,True,0.09782608695652174,1.0
12,0.0,24.17,23.0,135000.0,877000.0,5242880.0,0.0,Off,10:44:57,17,Live,13,True,0.09782608695652174,1.0
13,0.0,24.17,23.0,135000.0,877000.0,5242880.0,0.0,Off,10:44:58,18,Live,14,True,0.09782608695652174,1.0
14,0.0,24.17,23.0,135000.0,877000.0,5242880.0,0.0,Off,10:44:59,20,Live,15,True,0.09782608695652174,1.0
15,0.0,24.17,23.0,135000.0,877000.0,5242880.0,0.0,Off,10:45:01,21,Live,16,True,0.09782608695652174,1.0
16,0.0,24.17,23.0,135000.0,877000.0,5242880.0,0.0,Off,10:45:02,22,Live,17,True,0.09782608695652174,1.0
17,0.0,24.17,23.0,135000.0,877000.0,5242880.0,0.0,Off,10:45:03,24,Live,18,True,0.09782608695652174,1.0
18,0.0,24.17,23.0,135000.0,877000.0,5242880.0,0.0,Off,10:45:05,25,Live,19,True,0.09782608695652174,1.0
19,0.0,24.17,23.0,135000.0,877000.0,5242880.0,0.0,Off,10:45:06,27,Live,20,True,0.09782608695652174,1.0
20,0.0,24.17,23.0,135000.0,877000.0,5242880.0,0.0,Off,10:45:08,28,Live,21,True,0.09782608695652174,1.0
21,0.0,24.17,23.0,135000.0,877000.0,5242880.0,0.0,Off,10:45:09,30,Live,22,True,0.09782608695652174,1.0
22,0.0,24.17,23.0,135000.0,877000.0,5242880.0,0.0,Off,10:45:10,31,Live,23,True,0.09782608695652174,1.0
23,0.0,24.17,23.0,135000.0,877000.0,5242880.0,0.0,Off,10:45:12,32,Live,24,True,0.09782608695652174,1.0
24,0.0,24.17,23.0,135000.0,877000.0,5242880.0,0.0,Off,10:45:13,34,Live,25,True,0.09782608695652174,1.0
25,0.0,24.17,23.0,135000.0,877000.0,5242880.0,0.0,Off,10:45:15,35,Live,26,True,0.09782608695652174,1.0
26,0.0,24.17,23.0,135000.0,877000.0,5242880.0,0.0,Off,10:45:16,37,Live,27,True,0.09782608695652174,1.0
27,0.0,24.17,23.0,135000.0,877000.0,5242880.0,0.0,Off,10:45:18,38,Live,28,True,0.09782608695652174,1.0
28,0.0,24.07,23.0,135000.0,877000.0,5242880.0,0.0,Off,10:45:19,39,Live,29,True,0.09782608695652174,1.0
29,0.0,24.07,23.0,135000.0,877000.0,5242880.0,0.0,Off,10:45:20,41,Live,30,True,0.09782608695652174,1.0
30,0.0,24.07,23.0,135000.0,877000.0,5242880.0,0.0,Off,10:45:22,42,Live,31,True,0.09782608695652174,1.0
31,0.0,24.07,23.0,135000.0,877000.0,5242880.0,0.0,Off,10:45:23,43,Live,32,True,0.09782608695652174,1.0
32,0.0,24.07,23.0,135000.0,877000.0,5242880.0,0.0,Off,10:45:24,45,Live,33,True,0.09782608695652174,1.0
33,0.0,24.07,23.0,135000.0,877000.0,5242880.0,0.0,Off,10:45:26,46,Live,34,True,0.09782608695652174,1.0
34,0.0,24.07,23.0,135000.0,877000.0,5242880.0,0.0,Off,10:45:27,48,Live,35,True,0.09782608695652174,1.0
35,0.0,24.07,23.0,135000.0,877000.0,5242880.0,0.0,Off,10:45:29,49,Live,36,True,0.09782608695652174,1.0
36,0.0,24.07,23.0,135000.0,877000.0,5242880.0,0.0,Off,10:45:30,50,Live,37,True,0.09782608695652174,1.0
37,0.0,24.07,23.0,135000.0,877000.0,5242880.0,0.0,Off,10:45:31,52,Live,38,True,0.09782608695652174,1.0
38,0.0,24.07,23.0,135000.0,877000.0,5242880.0,0.0,Off,10:45:33,53,Live,39,True,0.09782608695652174,1.0
39,0.0,24.17,23.0,135000.0,877000.0,5242880.0,0.0,Off,10:45:34,55,Live,40,True,0.09782608695652174,1.0
40,0.0,24.17,23.0,135000.0,877000.0,5242880.0,0.0,Off,10:45:36,56,Live,41,True,0.09782608695652174,1.0
41,0.0,24.17,23.0,135000.0,877000.0,5242880.0,0.0,Off,10:45:37,57,Live,42,True,0.09782608695652174,1.0
42,0.0,24.17,23.0,135000.0,877000.0,5242880.0,0.0,Off,10:45:38,59,Live,43,True,0.09782608695652174,1.0
43,0.0,24.17,23.0,135000.0,877000.0,5242880.0,0.0,Off,10:45:40,60,Live,44,True,0.09782608695652174,1.0
44,0.0,24.17,23.0,135000.0,877000.0,5242880.0,0.0,Off,10:45:41,62,Live,45,True,0.09782608695652174,1.0
45,0.0,24.17,23.0,135000.0,877000.0,5242880.0,0.0,Off,10:45:43,63,Live,46,True,0.09782608695652174,1.0
46,0.0,24.17,23.0,135000.0,877000.0,5242880.0,0.0,Off,10:45:44,65,Live,47,True,0.09782608695652174,1.0
47,0.0,24.17,23.0,135000.0,877000.0,5242880.0,0.0,Off,10:45:45,66,Live,48,True,0.09782608695652174,1.0
48,0.0,24.17,23.0,135000.0,877000.0,5242880.0,0.0,Off,10:45:47,67,Live,49,True,0.09782608695652174,1.0
49,0.0,24.17,23.0,135000.0,877000.0,5242880.0,0.0,Off,10:45:48,69,Live,50,True,0.09782608695652174,1.0
50,0.0,24.17,23.0,135000.0,877000.0,5242880.0,0.0,Off,10:45:49,70,Live,51,True,0.09782608695652174,1.0
51,0.0,24.17,23.0,135000.0,877000.0,5242880.0,0.0,Off,10:45:51,71,Live,52,True,0.09782608695652174,1.0
52,0.0,24.17,23.0,135000.0,877000.0,5242880.0,0.0,Off,10:45:52,73,Live,53,True,0.09782608695652174,1.0
53,0.0,24.17,23.0,135000.0,877000.0,5242880.0,0.0,Off,10:45:53,74,Live,54,True,0.09782608695652174,1.0
54,0.0,24.17,23.0,135000.0,877000.0,5242880.0,0.0,Off,10:45:55,75,Live,55,True,0.09782608695652174,1.0
55,0.0,24.17,23.0,135000.0,877000.0,5242880.0,0.0,Off,10:45:56,77,Live,56,True,0.09782608695652174,1.0
56,0.0,24.17,23.0,135000.0,877000.0,5242880.0,0.0,Off,10:45:58,78,Live,57,True,0.09782608695652174,1.0
57,0.0,24.17,23.0,135000.0,877000.0,5242880.0,0.0,Off,10:45:59,79,Live,58,True,0.09782608695652174,1.0
58,0.0,24.17,23.0,135000.0,877000.0,5242880.0,0.0,Off,10:46:00,81,Live,59,True,0.09782608695652174,1.0
59,0.0,24.17,23.0,135000.0,877000.0,5242880.0,0.0,Off,10:46:02,82,Live,60,True,0.09782608695652174,1.0
60,0.0,24.17,23.0,135000.0,877000.0,5242880.0,0.0,Off,10:46:03,83,Live,61,True,0.09782608695652174,1.0
61,0.0,24.17,23.0,135000.0,877000.0,5242880.0,0.0,Off,10:46:04,85,Live,62,True,0.09782608695652174,1.0
62,0.0,24.17,23.0,135000.0,877000.0,5242880.0,0.0,Off,10:46:06,86,Live,63,True,0.09782608695652174,1.0
63,0.0,24.17,23.0,135000.0,877000.0,5242880.0,0.0,Off,10:46:07,87,Live,64,True,0.09782608695652174,1.0
64,0.0,24.17,23.0,135000.0,877000.0,5242880.0,0.0,Off,10:46:08,89,Live,65,True,0.09782608695652174,1.0
65,0.0,24.17,23.0,135000.0,877000.0,5242880.0,0.0,Off,10:46:10,90,Live,66,True,0.09782608695652174,1.0
66,0.0,24.17,23.0,135000.0,877000.0,5242880.0,0.0,Off,10:46:11,91,Live,67,True,0.09782608695652174,1.0
67,0.0,24.17,23.0,135000.0,877000.0,5242880.0,0.0,Off,10:46:13,93,Live,68,True,0.09782608695652174,1.0
68,0.0,24.17,23.0,135000.0,877000.0,5242880.0,0.0,Off,10:46:14,94,Live,69,True,0.09782608695652174,1.0
69,0.0,24.17,23.0,135000.0,877000.0,5242880.0,0.0,Off,10:46:15,96,Live,70,True,0.09782608695652174,1.0
70,0.0,24.17,23.0,135000.0,877000.0,5242880.0,0.0,Off,10:46:17,97,Live,71,True,0.09782608695652174,1.0
71,0.0,24.17,23.0,135000.0,877000.0,5242880.0,0.0,Off,10:46:18,98,Live,72,True,0.09782608695652174,1.0
72,0.0,24.17,23.0,135000.0,877000.0,5242880.0,0.0,Off,10:46:19,100,Live,73,True,0.09782608695652174,1.0
73,0.0,24.17,23.0,135000.0,877000.0,5242880.0,0.0,Off,10:46:21,101,Live,74,True,0.09782608695652174,1.0
74,0.0,24.17,23.0,135000.0,877000.0,5242880.0,0.0,Off,10:46:22,103,Live,75,True,0.09782608695652174,1.0
75,0.0,24.17,23.0,135000.0,877000.0,5242880.0,0.0,Off,10:46:24,104,Live,76,True,0.09782608695652174,1.0
76,0.0,24.17,23.0,135000.0,877000.0,5242880.0,0.0,Off,10:46:25,105,Live,77,True,0.09782608695652174,1.0
77,0.0,24.17,23.0,135000.0,877000.0,5242880.0,0.0,Off,10:46:26,107,Live,78,True,0.09782608695652174,1.0
78,0.0,24.17,23.0,135000.0,877000.0,5242880.0,0.0,Off,10:46:28,108,Live,79,True,0.09782608695652174,1.0
79,0.0,24.17,23.0,135000.0,877000.0,5242880.0,0.0,Off,10:46:29,110,Live,80,True,0.09782608695652174,1.0
80,0.0,24.17,23.0,135000.0,877000.0,5242880.0,0.0,Off,10:46:31,111,Live,81,True,0.09782608695652174,1.0
81,0.0,24.17,23.0,135000.0,877000.0,5242880.0,0.0,Off,10:46:32,112,Live,82,True,0.09782608695652174,1.0
82,0.0,24.17,23.0,135000.0,877000.0,5242880.0,0.0,Off,10:46:33,114,Live,83,True,0.09782608695652174,1.0
83,0.0,24.17,23.0,135000.0,877000.0,5242880.0,0.0,Off,10:46:35,115,Live,84,True,0.09782608695652174,1.0
84,0.0,24.17,23.0,135000.0,877000.0,5242880.0,0.0,Off,10:46:36,117,Live,85,True,0.09782608695652174,1.0
85,0.0,24.17,23.0,135000.0,877000.0,5242880.0,0.0,Off,10:46:38,118,Live,86,True,0.09782608695652174,1.0
86,0.0,24.17,23.0,135000.0,877000.0,5242880.0,0.0,Off,10:46:39,120,Live,87,True,0.09782608695652174,1.0
87,0.0,24.17,23.0,135000.0,877000.0,5242880.0,0.0,Off,10:46:41,121,Live,88,True,0.09782608695652174,1.0
88,0.0,24.17,23.0,135000.0,877000.0,5242880.0,0.0,Off,10:46:42,122,Live,89,True,0.09782608695652174,1.0
89,0.0,24.17,23.0,135000.0,877000.0,5242880.0,0.0,Off,10:46:44,124,Live,90,True,0.09782608695652174,1.0
90,0.0,24.17,23.0,135000.0,877000.0,5242880.0,0.0,Off,10:46:45,125,Live,91,True,0.09782608695652174,1.0
91,0.0,24.17,23.0,135000.0,877000.0,5242880.0,0.0,Off,10:46:46,127,Live,92,True,0.09782608695652174,1.0
92,0.0,24.17,23.0,135000.0,877000.0,5242880.0,0.0,Off,10:46:48,128,Live,93,True,0.09782608695652174,1.0
93,0.0,24.17,24.0,135000.0,877000.0,5242880.0,0.0,Off,10:46:49,129,Live,94,True,0.09782608695652174,1.0
94,0.0,24.17,24.0,135000.0,877000.0,5242880.0,0.0,Off,10:46:50,131,Live,95,True,0.09782608695652174,1.0
95,0.0,24.17,24.0,135000.0,877000.0,5242880.0,0.0,Off,10:46:52,132,Live,96,True,0.09782608695652174,1.0
96,0.0,24.17,24.0,135000.0,877000.0,5242880.0,0.0,Off,10:46:53,134,Live,97,True,0.09782608695652174,1.0
97,0.0,24.17,24.0,135000.0,877000.0,5242880.0,0.0,Off,10:46:54,135,Live,98,True,0.09782608695652174,1.0
98,0.0,24.17,24.0,135000.0,877000.0,5242880.0,0.0,Off,10:46:56,136,Live,99,True,0.09782608695652174,1.0
99,0.0,24.17,24.0,135000.0,877000.0,5242880.0,0.0,Off,10:46:57,138,Live,100,True,0.09782608695652174,1.0
100,0.0,24.17,24.0,135000.0,877000.0,5242880.0,0.0,Off,10:46:59,139,Live,101,True,0.09782608695652174,1.0
101,0.0,24.17,24.0,135000.0,877000.0,5242880.0,0.0,Off,10:47:00,141,Live,102,True,0.09782608695652174,1.0
102,0.0,24.17,24.0,135000.0,877000.0,5242880.0,0.0,Off,10:47:01,142,Live,103,True,0.09782608695652174,1.0
103,0.0,24.17,24.0,135000.0,877000.0,5242880.0,0.0,Off,10:47:03,143,Live,104,True,0.09782608695652174,1.0
104,0.0,24.17,23.0,135000.0,877000.0,5242880.0,0.0,Off,10:47:05,145,Live,105,True,0.09782608695652174,1.0
105,0.0,24.17,23.0,135000.0,877000.0,5242880.0,0.0,Off,10:47:06,146,Live,106,True,0.09782608695652174,1.0
106,0.0,24.17,23.0,135000.0,877000.0,5242880.0,0.0,Off,10:47:07,148,Live,107,True,0.09782608695652174,1.0
107,0.0,24.17,23.0,135000.0,877000.0,5242880.0,0.0,Off,10:47:09,149,Live,108,True,0.09782608695652174,1.0
108,0.0,24.17,23.0,135000.0,877000.0,5242880.0,0.0,Off,10:47:10,150,Live,109,True,0.09782608695652174,1.0
109,0.0,24.17,23.0,135000.0,877000.0,5242880.0,0.0,Off,10:47:11,152,Live,110,True,0.09782608695652174,1.0
110,0.0,24.17,23.0,135000.0,877000.0,5242880.0,0.0,Off,10:47:13,153,Live,111,True,0.09782608695652174,1.0
111,0.0,24.17,23.0,135000.0,877000.0,5242880.0,0.0,Off,10:47:14,155,Live,112,True,0.09782608695652174,1.0
112,0.0,24.17,23.0,135000.0,877000.0,5242880.0,0.0,Off,10:47:15,156,Live,113,True,0.09782608695652174,1.0
113,0.0,24.17,23.0,135000.0,877000.0,5242880.0,0.0,Off,10:47:17,157,Live,114,True,0.09782608695652174,1.0
114,0.0,24.17,23.0,135000.0,877000.0,5242880.0,0.0,Off,10:47:18,159,Live,115,True,0.09782608695652174,1.0
115,0.0,24.17,24.0,135000.0,877000.0,5242880.0,0.0,Off,10:47:19,160,Live,116,True,0.09782608695652174,1.0
116,0.0,24.17,24.0,135000.0,877000.0,5242880.0,0.0,Off,10:47:21,161,Live,117,True,0.09782608695652174,1.0
117,0.0,24.17,24.0,135000.0,877000.0,5242880.0,0.0,Off,10:47:22,162,Live,118,True,0.09782608695652174,1.0
118,0.0,24.17,24.0,135000.0,877000.0,5242880.0,0.0,Off,10:47:23,164,Live,119,True,0.09782608695652174,1.0
119,0.0,24.17,24.0,135000.0,877000.0,5242880.0,0.0,Off,10:47:25,165,Live,120,True,0.09782608695652174,1.0
120,0.0,24.17,24.0,135000.0,877000.0,5242880.0,0.0,Off,10:47:26,166,Live,121,True,0.09782608695652174,1.0
121,0.0,24.17,24.0,135000.0,877000.0,5242880.0,0.0,Off,10:47:28,168,Live,122,True,0.09782608695652174,1.0
122,0.0,24.17,24.0,135000.0,877000.0,5242880.0,0.0,Off,10:47:29,169,Live,123,True,0.09782608695652174,1.0
123,0.0,24.17,24.0,135000.0,877000.0,5242880.0,0.0,Off,10:47:30,171,Live,124,True,0.09782608695652174,1.0
124,0.0,24.17,24.0,135000.0,877000.0,5242880.0,0.0,Off,10:47:32,172,Live,125,True,0.09782608695652174,1.0
125,0.0,24.17,24.0,135000.0,877000.0,5242880.0,0.0,Off,10:47:33,174,Live,126,True,0.09782608695652174,1.0
126,0.0,24.17,23.0,135000.0,877000.0,5242880.0,0.0,Off,10:47:35,175,Live,127,True,0.09782608695652174,1.0
127,0.0,24.17,23.0,135000.0,877000.0,5242880.0,0.0,Off,10:47:36,177,Live,128,True,0.09782608695652174,1.0
128,0.0,24.17,23.0,135000.0,877000.0,5242880.0,0.0,Off,10:47:38,178,Live,129,True,0.09782608695652174,1.0
129,0.0,24.17,23.0,135000.0,877000.0,5242880.0,0.0,Off,10:47:39,179,Live,130,True,0.09782608695652174,1.0
130,0.0,24.17,23.0,135000.0,877000.0,5242880.0,0.0,Off,10:47:40,181,Live,131,True,0.09782608695652174,1.0
131,0.0,24.17,23.0,135000.0,877000.0,5242880.0,0.0,Off,10:47:42,182,Live,132,True,0.09782608695652174,1.0
132,0.0,24.17,23.0,135000.0,877000.0,5242880.0,0.0,Off,10:47:43,183,Live,133,True,0.09782608695652174,1.0
133,0.0,24.17,23.0,135000.0,877000.0,5242880.0,0.0,Off,10:47:44,185,Live,134,True,0.09782608695652174,1.0
134,0.0,24.17,23.0,135000.0,877000.0,5242880.0,0.0,Off,10:47:45,186,Live,135,True,0.09782608695652174,1.0
135,0.0,24.17,23.0,135000.0,877000.0,5242880.0,0.0,Off,10:47:47,187,Live,136,True,0.09782608695652174,1.0
136,0.0,24.17,23.0,135000.0,877000.0,5242880.0,0.0,Off,10:47:48,188,Live,137,True,0.09782608695652174,1.0
137,0.0,24.17,23.0,135000.0,877000.0,5242880.0,0.0,Off,10:47:49,190,Live,138,True,0.09782608695652174,1.0
138,0.0,24.17,23.0,135000.0,877000.0,5242880.0,0.0,Off,10:47:51,191,Live,139,True,0.09782608695652174,1.0
139,0.0,24.17,23.0,135000.0,877000.0,5242880.0,0.0,Off,10:47:52,192,Live,140,True,0.09782608695652174,1.0
140,0.0,24.17,23.0,135000.0,877000.0,5242880.0,0.0,Off,10:47:53,194,Live,141,True,0.09782608695652174,1.0
141,0.0,24.17,23.0,135000.0,877000.0,5242880.0,0.0,Off,10:47:54,195,Live,142,True,0.09782608695652174,1.0
142,0.0,24.17,23.0,135000.0,877000.0,5242880.0,0.0,Off,10:47:56,196,Live,143,True,0.09782608695652174,1.0
143,0.0,24.17,23.0,135000.0,877000.0,5242880.0,0.0,Off,10:47:57,197,Live,144,True,0.09782608695652174,1.0
144,0.0,24.17,23.0,135000.0,877000.0,5242880.0,0.0,Off,10:47:58,199,Live,145,True,0.09782608695652174,1.0
145,0.0,24.17,23.0,135000.0,877000.0,5242880.0,0.0,Off,10:47:59,200,Live,146,True,0.09782608695652174,1.0
146,0.0,24.17,23.0,135000.0,877000.0,5242880.0,0.0,Off,10:48:01,201,Live,147,True,0.09782608695652174,1.0
147,0.0,24.17,23.0,135000.0,877000.0,5242880.0,0.0,Off,10:48:02,202,Live,148,True,0.09782608695652174,1.0
148,0.0,24.17,23.0,135000.0,877000.0,5242880.0,0.0,Off,10:48:03,204,Live,149,True,0.09782608695652174,1.0
149,0.0,24.17,23.0,135000.0,877000.0,5242880.0,0.0,Off,10:48:05,205,Live,150,True,0.09782608695652174,1.0
150,0.0,24.17,23.0,135000.0,877000.0,5242880.0,0.0,Off,10:48:06,206,Live,151,True,0.09782608695652174,1.0
151,0.0,24.17,23.0,135000.0,877000.0,5242880.0,0.0,Off,10:48:07,208,Live,152,True,0.09782608695652174,1.0
152,0.0,24.17,23.0,135000.0,877000.0,5242880.0,0.0,Off,10:48:09,209,Live,153,True,0.09782608695652174,1.0
153,0.0,24.17,23.0,135000.0,877000.0,5242880.0,0.0,Off,10:48:10,210,Live,154,True,0.09782608695652174,1.0
154,0.0,24.17,23.0,135000.0,877000.0,5242880.0,0.0,Off,10:48:11,212,Live,155,True,0.09782608695652174,1.0
155,0.0,24.17,23.0,135000.0,877000.0,5242880.0,0.0,Off,10:48:12,213,Live,156,True,0.09782608695652174,1.0
156,0.0,24.17,23.0,135000.0,877000.0,5242880.0,0.0,Off,10:48:14,214,Live,157,True,0.09782608695652174,1.0
157,0.0,24.17,23.0,135000.0,877000.0,5242880.0,0.0,Off,10:48:15,215,Live,158,True,0.09782608695652174,1.0
158,0.0,24.17,23.0,135000.0,877000.0,5242880.0,0.0,Off,10:48:16,217,Live,159,True,0.09782608695652174,1.0
159,0.0,24.17,23.0,135000.0,877000.0,5242880.0,0.0,Off,10:48:18,218,Live,160,True,0.09782608695652174,1.0
160,0.0,24.17,23.0,135000.0,877000.0,5242880.0,0.0,Off,10:48:19,219,Live,161,True,0.09782608695652174,1.0
161,0.0,24.17,23.0,135000.0,877000.0,5242880.0,0.0,Off,10:48:20,221,Live,162,True,0.09782608695652174,1.0
162,0.0,24.17,23.0,135000.0,877000.0,5242880.0,0.0,Off,10:48:22,222,Live,163,True,0.09782608695652174,1.0
163,0.0,24.17,23.0,135000.0,877000.0,5242880.0,0.0,Off,10:48:23,223,Live,164,True,0.09782608695652174,1.0
164,0.0,24.17,23.0,135000.0,877000.0,5242880.0,0.0,Off,10:48:24,225,Live,165,True,0.09782608695652174,1.0
165,0.0,24.17,23.0,135000.0,877000.0,5242880.0,0.0,Off,10:48:26,226,Live,166,True,0.09782608695652174,1.0
166,0.0,24.17,23.0,135000.0,877000.0,5242880.0,0.0,Off,10:48:27,227,Live,167,True,0.09782608695652174,1.0
167,0.0,24.17,23.0,135000.0,877000.0,5242880.0,0.0,Off,10:48:28,229,Live,168,True,0.09782608695652174,1.0
168,0.0,24.17,23.0,135000.0,877000.0,5242880.0,0.0,Off,10:48:29,230,Live,169,True,0.09782608695652174,1.0
169,0.0,24.17,23.0,135000.0,877000.0,5242880.0,0.0,Off,10:48:31,231,Live,170,True,0.09782608695652174,1.0
170,0.0,24.17,23.0,135000.0,877000.0,5242880.0,0.0,Off,10:48:32,232,Live,171,True,0.09782608695652174,1.0
171,0.0,24.17,23.0,135000.0,877000.0,5242880.0,0.0,Off,10:48:33,234,Live,172,True,0.09782608695652174,1.0
172,0.0,24.17,23.0,135000.0,877000.0,5242880.0,0.0,Off,10:48:35,235,Live,173,True,0.09782608695652174,1.0
173,0.0,24.17,23.0,135000.0,877000.0,5242880.0,0.0,Off,10:48:36,236,Live,174,True,0.09782608695652174,1.0
174,0.0,24.17,23.0,135000.0,877000.0,5242880.0,0.0,Off,10:48:37,238,Live,175,True,0.09782608695652174,1.0
175,0.0,24.17,23.0,135000.0,877000.0,5242880.0,0.0,Off,10:48:39,239,Live,176,True,0.09782608695652174,1.0
176,0.0,24.17,23.0,135000.0,877000.0,5242880.0,0.0,Off,10:48:40,240,Live,177,True,0.09782608695652174,1.0
177,0.0,24.17,23.0,135000.0,877000.0,5242880.0,0.0,Off,10:48:41,242,Live,178,True,0.09782608695652174,1.0
178,0.0,24.17,23.0,135000.0,877000.0,5242880.0,0.0,Off,10:48:43,243,Live,179,True,0.09782608695652174,1.0
179,0.0,24.17,23.0,135000.0,877000.0,5242880.0,0.0,Off,10:48:44,244,Live,180,True,0.09782608695652174,1.0
180,0.0,24.17,23.0,135000.0,877000.0,5242880.0,0.0,Off,10:48:45,246,Live,181,True,0.09782608695652174,1.0
181,0.0,24.17,23.0,135000.0,877000.0,5242880.0,0.0,Off,10:48:46,247,Live,182,True,0.09782608695652174,1.0
182,0.0,24.17,23.0,135000.0,877000.0,5242880.0,0.0,Off,10:48:48,248,Live,183,True,0.09782608695652174,1.0
183,0.0,24.17,23.0,135000.0,877000.0,5242880.0,0.0,Off,10:48:49,249,Live,184,True,0.09782608695652174,1.0
184,0.0,24.17,23.0,135000.0,877000.0,5242880.0,0.0,Off,10:48:50,251,Live,185,True,0.09782608695652174,1.0
185,0.0,24.17,23.0,135000.0,877000.0,5242880.0,0.0,Off,10:48:51,252,Live,186,True,0.09782608695652174,1.0
186,0.0,24.17,23.0,135000.0,877000.0,5242880.0,0.0,Off,10:48:53,253,Live,187,True,0.09782608695652174,1.0
187,0.0,24.17,23.0,135000.0,877000.0,5242880.0,0.0,Off,10:48:54,254,Live,188,True,0.09782608695652174,1.0
188,0.0,24.17,23.0,135000.0,877000.0,5242880.0,0.0,Off,10:48:56,256,Live,189,True,0.09782608695652174,1.0
189,0.0,24.17,23.0,135000.0,877000.0,5242880.0,0.0,Off,10:48:57,258,Live,190,True,0.09782608695652174,1.0
190,0.0,24.17,23.0,135000.0,877000.0,5242880.0,0.0,Off,10:48:59,259,Live,191,True,0.09782608695652174,1.0
191,0.0,24.17,23.0,135000.0,877000.0,5242880.0,0.0,Off,10:49:00,261,Live,192,True,0.09782608695652174,1.0
192,0.0,24.17,23.0,135000.0,877000.0,5242880.0,0.0,Off,10:49:02,262,Live,193,True,0.09782608695652174,1.0
193,0.0,24.17,23.0,135000.0,877000.0,5242880.0,0.0,Off,10:49:03,263,Live,194,True,0.09782608695652174,1.0
194,0.0,24.17,24.0,135000.0,877000.0,5242880.0,0.0,Off,10:49:04,265,Live,195,True,0.09782608695652174,1.0
195,0.0,24.17,24.0,135000.0,877000.0,5242880.0,0.0,Off,10:49:06,266,Live,196,True,0.09782608695652174,1.0
196,0.0,24.17,24.0,135000.0,877000.0,5242880.0,0.0,Off,10:49:07,267,Live,197,True,0.09782608695652174,1.0
197,0.0,24.17,24.0,135000.0,877000.0,5242880.0,0.0,Off,10:49:08,269,Live,198,True,0.09782608695652174,1.0
198,0.0,24.17,24.0,135000.0,877000.0,5242880.0,0.0,Off,10:49:10,270,Live,199,True,0.09782608695652174,1.0
199,0.0,24.17,24.0,135000.0,877000.0,5242880.0,0.0,Off,10:49:11,271,Live,200,True,0.09782608695652174,1.0
200,0.0,24.17,24.0,135000.0,877000.0,5242880.0,0.0,Off,10:49:12,273,Live,201,True,0.09782608695652174,1.0
201,0.0,24.17,24.0,135000.0,877000.0,5242880.0,0.0,Off,10:49:14,274,Live,202,True,0.09782608695652174,1.0
202,0.0,24.17,24.0,135000.0,877000.0,5242880.0,0.0,Off,10:49:15,275,Live,203,True,0.09782608695652174,1.0
203,0.0,24.17,24.0,135000.0,877000.0,5242880.0,0.0,Off,10:49:16,277,Live,204,True,0.09782608695652174,1.0
204,0.0,24.17,24.0,135000.0,877000.0,5242880.0,0.0,Off,10:49:18,278,Live,205,True,0.09782608695652174,1.0
205,0.0,24.17,23.0,135000.0,877000.0,5242880.0,0.0,Off,10:49:19,279,Live,206,True,0.09782608695652174,1.0
206,0.0,24.17,23.0,135000.0,877000.0,5242880.0,0.0,Off,10:49:20,281,Live,207,True,0.09782608695652174,1.0
207,0.0,24.17,23.0,135000.0,877000.0,5242880.0,0.0,Off,10:49:21,282,Live,208,True,0.09782608695652174,1.0
208,0.0,24.17,23.0,135000.0,877000.0,5242880.0,0.0,Off,10:49:23,283,Live,209,True,0.09782608695652174,1.0
209,0.0,24.17,23.0,135000.0,877000.0,5242880.0,0.0,Off,10:49:24,284,Live,210,True,0.09782608695652174,1.0
210,0.0,24.17,23.0,135000.0,877000.0,5242880.0,0.0,Off,10:49:25,286,Live,211,True,0.09782608695652174,1.0
211,0.0,24.17,23.0,135000.0,877000.0,5242880.0,0.0,Off,10:49:27,287,Live,212,True,0.09782608695652174,1.0
212,0.0,24.17,23.0,135000.0,877000.0,5242880.0,0.0,Off,10:49:28,288,Live,213,True,0.09782608695652174,1.0
213,0.0,24.17,23.0,135000.0,877000.0,5242880.0,0.0,Off,10:49:29,290,Live,214,True,0.09782608695652174,1.0
