,GPU Utilization (%),Power Draw (Watts),Power Limit (Watts),GPU Temp (°C),GPU Current Clock (GHz),GPU Clock Limit (GHz),Memory Current Clock (GHz),Memory Clock Limit (GHz),Memory Allocation Used (MB),Memory Allocation Total (MB),Memory Utilization (%),GPU Info,Start Time,Current Time,Time Delta,Test Stage,Collect
0,0.0,23.64,250.0,21.0,135000.0,1380000.0,877000.0,877000.0,5242880.0,17179869184.0,0.0,Tesla V100-PCIE-16GB,11:32:06,11:32:06,0,idle,True
1,0.0,23.64,250.0,21.0,135000.0,1380000.0,877000.0,877000.0,5242880.0,17179869184.0,0.0,Tesla V100-PCIE-16GB,11:32:06,11:32:12,6,idle,True
2,0.0,23.54,250.0,21.0,135000.0,1380000.0,877000.0,877000.0,5242880.0,17179869184.0,0.0,Tesla V100-PCIE-16GB,11:32:06,11:32:18,12,idle,True
3,0.0,23.54,250.0,21.0,135000.0,1380000.0,877000.0,877000.0,5242880.0,17179869184.0,0.0,Tesla V100-PCIE-16GB,11:32:06,11:32:23,17,idle,True
4,0.0,23.54,250.0,21.0,135000.0,1380000.0,877000.0,877000.0,5242880.0,17179869184.0,0.0,Tesla V100-PCIE-16GB,11:32:06,11:32:29,23,idle,True
5,0.0,23.54,250.0,21.0,135000.0,1380000.0,877000.0,877000.0,5242880.0,17179869184.0,0.0,Tesla V100-PCIE-16GB,11:32:06,11:32:35,29,idle,True
6,0.0,23.54,250.0,21.0,135000.0,1380000.0,877000.0,877000.0,5242880.0,17179869184.0,0.0,Tesla V100-PCIE-16GB,11:32:06,11:32:40,34,idle,True
7,0.0,23.54,250.0,21.0,135000.0,1380000.0,877000.0,877000.0,5242880.0,17179869184.0,0.0,Tesla V100-PCIE-16GB,11:32:06,11:32:46,40,idle,True
8,0.0,23.54,250.0,21.0,135000.0,1380000.0,877000.0,877000.0,5242880.0,17179869184.0,0.0,Tesla V100-PCIE-16GB,11:32:06,11:32:52,46,idle,True
9,0.0,23.54,250.0,21.0,135000.0,1380000.0,877000.0,877000.0,5242880.0,17179869184.0,0.0,Tesla V100-PCIE-16GB,11:32:06,11:32:58,52,idle,True
10,0.0,23.54,250.0,21.0,135000.0,1380000.0,877000.0,877000.0,5242880.0,17179869184.0,0.0,Tesla V100-PCIE-16GB,11:34:26,11:34:27,0,background,True
11,0.0,23.54,250.0,21.0,135000.0,1380000.0,877000.0,877000.0,9437184.0,17179869184.0,0.0,Tesla V100-PCIE-16GB,11:34:26,11:34:33,6,background,True
12,0.0,23.54,250.0,21.0,135000.0,1380000.0,877000.0,877000.0,9437184.0,17179869184.0,0.0,Tesla V100-PCIE-16GB,11:34:26,11:34:39,12,background,True
13,0.0,23.54,250.0,21.0,135000.0,1380000.0,877000.0,877000.0,9437184.0,17179869184.0,0.0,Tesla V100-PCIE-16GB,11:34:26,11:34:45,18,background,True
14,0.0,23.64,250.0,21.0,135000.0,1380000.0,877000.0,877000.0,9437184.0,17179869184.0,0.0,Tesla V100-PCIE-16GB,11:34:26,11:34:50,23,background,True
15,0.0,23.64,250.0,21.0,135000.0,1380000.0,877000.0,877000.0,9437184.0,17179869184.0,0.0,Tesla V100-PCIE-16GB,11:34:26,11:34:56,29,background,True
16,0.0,23.64,250.0,21.0,135000.0,1380000.0,877000.0,877000.0,9437184.0,17179869184.0,0.0,Tesla V100-PCIE-16GB,11:34:26,11:35:02,35,background,True
17,0.0,23.64,250.0,21.0,135000.0,1380000.0,877000.0,877000.0,9437184.0,17179869184.0,0.0,Tesla V100-PCIE-16GB,11:34:26,11:35:08,41,background,True
18,0.0,23.64,250.0,21.0,135000.0,1380000.0,877000.0,877000.0,9437184.0,17179869184.0,0.0,Tesla V100-PCIE-16GB,11:34:26,11:35:14,47,background,True
19,0.0,23.64,250.0,21.0,135000.0,1380000.0,877000.0,877000.0,9437184.0,17179869184.0,0.0,Tesla V100-PCIE-16GB,11:34:26,11:35:20,53,background,True
20,0.0,23.64,250.0,21.0,135000.0,1380000.0,877000.0,877000.0,9437184.0,17179869184.0,0.0,Tesla V100-PCIE-16GB,11:38:57,11:38:57,0,download,True
21,0.0,23.64,250.0,21.0,135000.0,1380000.0,877000.0,877000.0,9437184.0,17179869184.0,0.0,Tesla V100-PCIE-16GB,11:38:57,11:39:03,6,download,True
22,0.0,23.64,250.0,21.0,135000.0,1380000.0,877000.0,877000.0,9437184.0,17179869184.0,0.0,Tesla V100-PCIE-16GB,11:38:57,11:39:09,12,download,True
23,0.0,23.64,250.0,21.0,135000.0,1380000.0,877000.0,877000.0,9437184.0,17179869184.0,0.0,Tesla V100-PCIE-16GB,11:38:57,11:39:15,17,download,True
24,0.0,23.54,250.0,21.0,135000.0,1380000.0,877000.0,877000.0,9437184.0,17179869184.0,0.0,Tesla V100-PCIE-16GB,11:38:57,11:39:20,23,download,True
25,0.0,23.54,250.0,21.0,135000.0,1380000.0,877000.0,877000.0,9437184.0,17179869184.0,0.0,Tesla V100-PCIE-16GB,11:38:57,11:39:26,29,download,True
26,0.0,23.54,250.0,21.0,135000.0,1380000.0,877000.0,877000.0,6997147648.0,17179869184.0,0.0,Tesla V100-PCIE-16GB,11:38:57,11:39:32,35,download,True
27,0.0,34.5,250.0,23.0,1245000.0,1380000.0,877000.0,877000.0,6997147648.0,17179869184.0,0.0,Tesla V100-PCIE-16GB,11:39:47,11:39:48,0,interaction,True
28,0.0,34.5,250.0,23.0,1245000.0,1380000.0,877000.0,877000.0,6997147648.0,17179869184.0,0.0,Tesla V100-PCIE-16GB,11:39:47,11:39:54,6,interaction,True
29,0.0,34.5,250.0,23.0,1245000.0,1380000.0,877000.0,877000.0,6997147648.0,17179869184.0,0.0,Tesla V100-PCIE-16GB,11:39:47,11:40:00,12,interaction,True
30,0.8200000000000001,174.22,250.0,31.0,1380000.0,1380000.0,877000.0,877000.0,7049576448.0,17179869184.0,0.51,Tesla V100-PCIE-16GB,11:39:47,11:40:05,18,interaction,True
31,0.0,34.51,250.0,25.0,1245000.0,1380000.0,877000.0,877000.0,7049576448.0,17179869184.0,0.0,Tesla V100-PCIE-16GB,11:40:18,11:40:19,0,interaction,True
32,0.0,34.51,250.0,25.0,1245000.0,1380000.0,877000.0,877000.0,7049576448.0,17179869184.0,0.0,Tesla V100-PCIE-16GB,11:40:18,11:40:21,2,interaction,True
33,0.0,34.51,250.0,25.0,1245000.0,1380000.0,877000.0,877000.0,7049576448.0,17179869184.0,0.0,Tesla V100-PCIE-16GB,11:40:18,11:40:23,4,interaction,True
34,0.0,34.51,250.0,25.0,1245000.0,1380000.0,877000.0,877000.0,7049576448.0,17179869184.0,0.0,Tesla V100-PCIE-16GB,11:40:18,11:40:24,6,interaction,True
35,0.0,34.51,250.0,25.0,1245000.0,1380000.0,877000.0,877000.0,7049576448.0,17179869184.0,0.0,Tesla V100-PCIE-16GB,11:40:18,11:40:26,8,interaction,True
36,0.0,34.51,250.0,25.0,1245000.0,1380000.0,877000.0,877000.0,7049576448.0,17179869184.0,0.0,Tesla V100-PCIE-16GB,11:40:18,11:40:28,10,interaction,True
37,0.0,34.51,250.0,25.0,1245000.0,1380000.0,877000.0,877000.0,7049576448.0,17179869184.0,0.0,Tesla V100-PCIE-16GB,11:40:18,11:40:30,11,interaction,True
38,0.0,34.51,250.0,25.0,1245000.0,1380000.0,877000.0,877000.0,7049576448.0,17179869184.0,0.53,Tesla V100-PCIE-16GB,11:40:18,11:40:32,13,interaction,True
39,0.81,170.48,250.0,32.0,1380000.0,1380000.0,877000.0,877000.0,7160725504.0,17179869184.0,0.53,Tesla V100-PCIE-16GB,11:40:18,11:40:33,15,interaction,True
40,0.81,170.48,250.0,32.0,1380000.0,1380000.0,877000.0,877000.0,7160725504.0,17179869184.0,0.53,Tesla V100-PCIE-16GB,11:40:18,11:40:35,17,interaction,True
41,0.81,170.48,250.0,32.0,1380000.0,1380000.0,877000.0,877000.0,7160725504.0,17179869184.0,0.53,Tesla V100-PCIE-16GB,11:40:18,11:40:37,19,interaction,True
42,0.81,170.48,250.0,32.0,1380000.0,1380000.0,877000.0,877000.0,7160725504.0,17179869184.0,0.53,Tesla V100-PCIE-16GB,11:40:18,11:40:39,20,interaction,True
43,0.81,170.48,250.0,32.0,1380000.0,1380000.0,877000.0,877000.0,7160725504.0,17179869184.0,0.53,Tesla V100-PCIE-16GB,11:40:18,11:40:40,22,interaction,True
44,0.81,170.48,250.0,32.0,1380000.0,1380000.0,877000.0,877000.0,7160725504.0,17179869184.0,0.53,Tesla V100-PCIE-16GB,11:40:18,11:40:42,24,interaction,True
45,0.81,170.48,250.0,32.0,1380000.0,1380000.0,877000.0,877000.0,7160725504.0,17179869184.0,0.53,Tesla V100-PCIE-16GB,11:40:18,11:40:44,25,interaction,True
46,0.81,170.48,250.0,32.0,1380000.0,1380000.0,877000.0,877000.0,7160725504.0,17179869184.0,0.53,Tesla V100-PCIE-16GB,11:40:18,11:40:46,27,interaction,True
47,0.8200000000000001,168.33,250.0,36.0,1380000.0,1380000.0,877000.0,877000.0,7160725504.0,17179869184.0,0.52,Tesla V100-PCIE-16GB,11:40:18,11:40:47,29,interaction,True
48,0.8200000000000001,168.33,250.0,36.0,1380000.0,1380000.0,877000.0,877000.0,7160725504.0,17179869184.0,0.52,Tesla V100-PCIE-16GB,11:40:18,11:40:50,32,interaction,True
49,0.8200000000000001,168.33,250.0,36.0,1380000.0,1380000.0,877000.0,877000.0,7160725504.0,17179869184.0,0.52,Tesla V100-PCIE-16GB,11:40:18,11:40:53,35,interaction,True
50,0.8200000000000001,168.33,250.0,36.0,1380000.0,1380000.0,877000.0,877000.0,7160725504.0,17179869184.0,0.52,Tesla V100-PCIE-16GB,11:40:18,11:40:55,36,interaction,True
51,0.8200000000000001,168.33,250.0,36.0,1380000.0,1380000.0,877000.0,877000.0,7160725504.0,17179869184.0,0.52,Tesla V100-PCIE-16GB,11:40:18,11:40:57,38,interaction,True
52,0.8200000000000001,168.33,250.0,36.0,1380000.0,1380000.0,877000.0,877000.0,7160725504.0,17179869184.0,0.52,Tesla V100-PCIE-16GB,11:40:18,11:40:59,40,interaction,True
53,0.8200000000000001,168.33,250.0,36.0,1380000.0,1380000.0,877000.0,877000.0,7160725504.0,17179869184.0,0.52,Tesla V100-PCIE-16GB,11:40:18,11:41:00,42,interaction,True
54,0.8200000000000001,34.99,250.0,28.0,1245000.0,1380000.0,877000.0,877000.0,7160725504.0,17179869184.0,0.0,Tesla V100-PCIE-16GB,11:40:18,11:41:02,44,interaction,True
55,0.0,34.99,250.0,28.0,1245000.0,1380000.0,877000.0,877000.0,7160725504.0,17179869184.0,0.0,Tesla V100-PCIE-16GB,11:40:18,11:41:04,45,interaction,True
56,0.0,34.99,250.0,28.0,1245000.0,1380000.0,877000.0,877000.0,7160725504.0,17179869184.0,0.0,Tesla V100-PCIE-16GB,11:40:18,11:41:06,47,interaction,True
57,0.0,34.99,250.0,28.0,1245000.0,1380000.0,877000.0,877000.0,7160725504.0,17179869184.0,0.0,Tesla V100-PCIE-16GB,11:40:18,11:41:07,49,interaction,True
58,0.0,34.99,250.0,28.0,1245000.0,1380000.0,877000.0,877000.0,7160725504.0,17179869184.0,0.0,Tesla V100-PCIE-16GB,11:40:18,11:41:09,51,interaction,True
59,0.0,34.99,250.0,28.0,1245000.0,1380000.0,877000.0,877000.0,7160725504.0,17179869184.0,0.0,Tesla V100-PCIE-16GB,11:40:18,11:41:11,53,interaction,True
60,0.0,34.99,250.0,28.0,1245000.0,1380000.0,877000.0,877000.0,7160725504.0,17179869184.0,0.0,Tesla V100-PCIE-16GB,11:40:18,11:41:13,54,interaction,True
61,0.0,34.99,250.0,28.0,1245000.0,1380000.0,877000.0,877000.0,7160725504.0,17179869184.0,0.0,Tesla V100-PCIE-16GB,11:40:18,11:41:14,56,interaction,True
62,0.0,34.99,250.0,28.0,1245000.0,1380000.0,877000.0,877000.0,7160725504.0,17179869184.0,0.0,Tesla V100-PCIE-16GB,11:40:18,11:41:16,57,interaction,True
63,0.8300000000000001,175.17,250.0,36.0,1380000.0,1380000.0,877000.0,877000.0,7164919808.0,17179869184.0,0.52,Tesla V100-PCIE-16GB,11:40:18,11:41:18,59,interaction,True
64,0.8300000000000001,175.17,250.0,36.0,1380000.0,1380000.0,877000.0,877000.0,7164919808.0,17179869184.0,0.52,Tesla V100-PCIE-16GB,11:40:18,11:41:19,61,interaction,True
65,0.8300000000000001,175.17,250.0,36.0,1380000.0,1380000.0,877000.0,877000.0,7164919808.0,17179869184.0,0.52,Tesla V100-PCIE-16GB,11:40:18,11:41:21,63,interaction,True
66,0.8300000000000001,175.17,250.0,36.0,1380000.0,1380000.0,877000.0,877000.0,7164919808.0,17179869184.0,0.52,Tesla V100-PCIE-16GB,11:40:18,11:41:23,64,interaction,True
67,0.8300000000000001,175.17,250.0,36.0,1380000.0,1380000.0,877000.0,877000.0,7164919808.0,17179869184.0,0.52,Tesla V100-PCIE-16GB,11:40:18,11:41:24,66,interaction,True
68,0.8300000000000001,175.17,250.0,36.0,1380000.0,1380000.0,877000.0,877000.0,7164919808.0,17179869184.0,0.52,Tesla V100-PCIE-16GB,11:40:18,11:41:26,68,interaction,True
69,0.8300000000000001,175.17,250.0,36.0,1380000.0,1380000.0,877000.0,877000.0,7164919808.0,17179869184.0,0.52,Tesla V100-PCIE-16GB,11:40:18,11:41:28,69,interaction,True
70,0.8300000000000001,175.17,250.0,36.0,1380000.0,1380000.0,877000.0,877000.0,7164919808.0,17179869184.0,0.52,Tesla V100-PCIE-16GB,11:40:18,11:41:29,71,interaction,True
71,0.8300000000000001,175.17,250.0,36.0,1380000.0,1380000.0,877000.0,877000.0,7164919808.0,17179869184.0,0.52,Tesla V100-PCIE-16GB,11:40:18,11:41:31,73,interaction,True
72,0.8200000000000001,176.19,250.0,38.0,1380000.0,1380000.0,877000.0,877000.0,7164919808.0,17179869184.0,0.51,Tesla V100-PCIE-16GB,11:40:18,11:41:33,74,interaction,True
73,0.8200000000000001,176.19,250.0,38.0,1380000.0,1380000.0,877000.0,877000.0,7164919808.0,17179869184.0,0.51,Tesla V100-PCIE-16GB,11:40:18,11:41:34,76,interaction,True
74,0.8200000000000001,176.19,250.0,38.0,1380000.0,1380000.0,877000.0,877000.0,7164919808.0,17179869184.0,0.51,Tesla V100-PCIE-16GB,11:40:18,11:41:36,78,interaction,True
75,0.8200000000000001,176.19,250.0,38.0,1380000.0,1380000.0,877000.0,877000.0,7164919808.0,17179869184.0,0.51,Tesla V100-PCIE-16GB,11:40:18,11:41:38,79,interaction,True
76,0.8200000000000001,176.19,250.0,38.0,1380000.0,1380000.0,877000.0,877000.0,7164919808.0,17179869184.0,0.51,Tesla V100-PCIE-16GB,11:40:18,11:41:39,81,interaction,True
77,0.8200000000000001,176.19,250.0,38.0,1380000.0,1380000.0,877000.0,877000.0,7164919808.0,17179869184.0,0.51,Tesla V100-PCIE-16GB,11:40:18,11:41:41,83,interaction,True
78,0.8200000000000001,176.19,250.0,38.0,1380000.0,1380000.0,877000.0,877000.0,7164919808.0,17179869184.0,0.51,Tesla V100-PCIE-16GB,11:40:18,11:41:43,85,interaction,True
79,0.8200000000000001,176.19,250.0,38.0,1380000.0,1380000.0,877000.0,877000.0,7164919808.0,17179869184.0,0.51,Tesla V100-PCIE-16GB,11:40:18,11:41:45,86,interaction,True
80,0.8200000000000001,176.19,250.0,38.0,1380000.0,1380000.0,877000.0,877000.0,7164919808.0,17179869184.0,0.51,Tesla V100-PCIE-16GB,11:40:18,11:41:46,88,interaction,True
81,0.8200000000000001,175.93,250.0,40.0,1380000.0,1380000.0,877000.0,877000.0,7164919808.0,17179869184.0,0.5,Tesla V100-PCIE-16GB,11:40:18,11:41:48,89,interaction,True
82,0.8200000000000001,175.93,250.0,40.0,1380000.0,1380000.0,877000.0,877000.0,7164919808.0,17179869184.0,0.5,Tesla V100-PCIE-16GB,11:40:18,11:41:50,91,interaction,True
83,0.8200000000000001,175.93,250.0,40.0,1380000.0,1380000.0,877000.0,877000.0,7164919808.0,17179869184.0,0.5,Tesla V100-PCIE-16GB,11:40:18,11:41:51,93,interaction,True
84,0.8200000000000001,175.93,250.0,40.0,1380000.0,1380000.0,877000.0,877000.0,7164919808.0,17179869184.0,0.5,Tesla V100-PCIE-16GB,11:40:18,11:41:53,95,interaction,True
85,0.8200000000000001,175.93,250.0,40.0,1380000.0,1380000.0,877000.0,877000.0,7164919808.0,17179869184.0,0.5,Tesla V100-PCIE-16GB,11:40:18,11:41:55,96,interaction,True
86,0.8200000000000001,175.93,250.0,40.0,1380000.0,1380000.0,877000.0,877000.0,7164919808.0,17179869184.0,0.5,Tesla V100-PCIE-16GB,11:40:18,11:41:56,98,interaction,True
87,0.84,187.71,250.0,34.0,1380000.0,1380000.0,877000.0,877000.0,7164919808.0,17179869184.0,0.52,Tesla V100-PCIE-16GB,11:40:18,11:42:30,131,interaction,True
88,0.84,187.71,250.0,34.0,1380000.0,1380000.0,877000.0,877000.0,7164919808.0,17179869184.0,0.52,Tesla V100-PCIE-16GB,11:40:18,11:42:32,133,interaction,True
89,0.8300000000000001,187.23,250.0,38.0,1380000.0,1380000.0,877000.0,877000.0,7164919808.0,17179869184.0,0.52,Tesla V100-PCIE-16GB,11:40:18,11:42:33,135,interaction,True
90,0.8300000000000001,187.23,250.0,38.0,1380000.0,1380000.0,877000.0,877000.0,7164919808.0,17179869184.0,0.52,Tesla V100-PCIE-16GB,11:40:18,11:42:35,137,interaction,True
91,0.8300000000000001,187.23,250.0,38.0,1380000.0,1380000.0,877000.0,877000.0,7164919808.0,17179869184.0,0.52,Tesla V100-PCIE-16GB,11:40:18,11:42:37,139,interaction,True
92,0.8300000000000001,187.23,250.0,38.0,1380000.0,1380000.0,877000.0,877000.0,7164919808.0,17179869184.0,0.52,Tesla V100-PCIE-16GB,11:40:18,11:42:39,140,interaction,True
93,0.8300000000000001,187.23,250.0,38.0,1380000.0,1380000.0,877000.0,877000.0,7164919808.0,17179869184.0,0.52,Tesla V100-PCIE-16GB,11:40:18,11:42:41,142,interaction,True
94,0.8300000000000001,187.23,250.0,38.0,1380000.0,1380000.0,877000.0,877000.0,7164919808.0,17179869184.0,0.52,Tesla V100-PCIE-16GB,11:40:18,11:42:42,144,interaction,True
95,0.8300000000000001,187.23,250.0,38.0,1380000.0,1380000.0,877000.0,877000.0,7164919808.0,17179869184.0,0.52,Tesla V100-PCIE-16GB,11:40:18,11:42:44,146,interaction,True
96,0.8300000000000001,187.23,250.0,38.0,1380000.0,1380000.0,877000.0,877000.0,7164919808.0,17179869184.0,0.52,Tesla V100-PCIE-16GB,11:40:18,11:42:46,147,interaction,True
97,0.8300000000000001,181.28,250.0,40.0,1380000.0,1380000.0,877000.0,877000.0,7164919808.0,17179869184.0,0.52,Tesla V100-PCIE-16GB,11:40:18,11:42:47,149,interaction,True
98,0.8300000000000001,181.28,250.0,40.0,1380000.0,1380000.0,877000.0,877000.0,7164919808.0,17179869184.0,0.52,Tesla V100-PCIE-16GB,11:40:18,11:42:49,151,interaction,True
99,0.8300000000000001,181.28,250.0,40.0,1380000.0,1380000.0,877000.0,877000.0,7164919808.0,17179869184.0,0.52,Tesla V100-PCIE-16GB,11:40:18,11:42:51,152,interaction,True
100,0.8300000000000001,181.28,250.0,40.0,1380000.0,1380000.0,877000.0,877000.0,7164919808.0,17179869184.0,0.52,Tesla V100-PCIE-16GB,11:40:18,11:42:53,154,interaction,True
101,0.8300000000000001,181.28,250.0,40.0,1380000.0,1380000.0,877000.0,877000.0,7164919808.0,17179869184.0,0.52,Tesla V100-PCIE-16GB,11:40:18,11:42:54,156,interaction,True
102,0.8300000000000001,181.28,250.0,40.0,1380000.0,1380000.0,877000.0,877000.0,7164919808.0,17179869184.0,0.52,Tesla V100-PCIE-16GB,11:40:18,11:42:56,157,interaction,True
103,0.8300000000000001,181.28,250.0,40.0,1380000.0,1380000.0,877000.0,877000.0,7164919808.0,17179869184.0,0.52,Tesla V100-PCIE-16GB,11:40:18,11:42:58,159,interaction,True
104,0.8300000000000001,181.28,250.0,40.0,1380000.0,1380000.0,877000.0,877000.0,7164919808.0,17179869184.0,0.52,Tesla V100-PCIE-16GB,11:40:18,11:42:59,161,interaction,True
105,0.8300000000000001,181.28,250.0,40.0,1380000.0,1380000.0,877000.0,877000.0,7164919808.0,17179869184.0,0.52,Tesla V100-PCIE-16GB,11:40:18,11:43:01,163,interaction,True
106,0.8300000000000001,173.49,250.0,41.0,1380000.0,1380000.0,877000.0,877000.0,7164919808.0,17179869184.0,0.51,Tesla V100-PCIE-16GB,11:40:18,11:43:03,165,interaction,True
107,0.8300000000000001,173.49,250.0,41.0,1380000.0,1380000.0,877000.0,877000.0,7164919808.0,17179869184.0,0.51,Tesla V100-PCIE-16GB,11:40:18,11:43:05,166,interaction,True
108,0.8300000000000001,173.49,250.0,41.0,1380000.0,1380000.0,877000.0,877000.0,7164919808.0,17179869184.0,0.51,Tesla V100-PCIE-16GB,11:40:18,11:43:06,168,interaction,True
109,0.8300000000000001,173.49,250.0,41.0,1380000.0,1380000.0,877000.0,877000.0,7164919808.0,17179869184.0,0.51,Tesla V100-PCIE-16GB,11:40:18,11:43:08,170,interaction,True
110,0.8300000000000001,173.49,250.0,41.0,1380000.0,1380000.0,877000.0,877000.0,7164919808.0,17179869184.0,0.51,Tesla V100-PCIE-16GB,11:40:18,11:43:10,172,interaction,True
111,0.8300000000000001,173.49,250.0,41.0,1380000.0,1380000.0,877000.0,877000.0,7164919808.0,17179869184.0,0.51,Tesla V100-PCIE-16GB,11:40:18,11:43:12,173,interaction,True
112,0.8300000000000001,173.49,250.0,41.0,1380000.0,1380000.0,877000.0,877000.0,7164919808.0,17179869184.0,0.51,Tesla V100-PCIE-16GB,11:40:18,11:43:13,175,interaction,True
113,0.8300000000000001,173.49,250.0,41.0,1380000.0,1380000.0,877000.0,877000.0,7164919808.0,17179869184.0,0.51,Tesla V100-PCIE-16GB,11:40:18,11:43:15,177,interaction,True
114,0.8300000000000001,173.49,250.0,41.0,1380000.0,1380000.0,877000.0,877000.0,7164919808.0,17179869184.0,0.52,Tesla V100-PCIE-16GB,11:40:18,11:43:17,179,interaction,True
115,0.8300000000000001,184.89,250.0,41.0,1380000.0,1380000.0,877000.0,877000.0,7164919808.0,17179869184.0,0.52,Tesla V100-PCIE-16GB,11:40:18,11:43:19,180,interaction,True
116,0.8300000000000001,184.89,250.0,41.0,1380000.0,1380000.0,877000.0,877000.0,7164919808.0,17179869184.0,0.52,Tesla V100-PCIE-16GB,11:40:18,11:43:21,182,interaction,True
117,0.8300000000000001,184.89,250.0,41.0,1380000.0,1380000.0,877000.0,877000.0,7164919808.0,17179869184.0,0.52,Tesla V100-PCIE-16GB,11:40:18,11:43:22,184,interaction,True
118,0.8300000000000001,184.89,250.0,41.0,1380000.0,1380000.0,877000.0,877000.0,7164919808.0,17179869184.0,0.52,Tesla V100-PCIE-16GB,11:40:18,11:43:24,186,interaction,True
119,0.8300000000000001,184.89,250.0,41.0,1380000.0,1380000.0,877000.0,877000.0,7164919808.0,17179869184.0,0.52,Tesla V100-PCIE-16GB,11:40:18,11:43:26,187,interaction,True
120,0.8300000000000001,184.89,250.0,41.0,1380000.0,1380000.0,877000.0,877000.0,7164919808.0,17179869184.0,0.52,Tesla V100-PCIE-16GB,11:40:18,11:43:28,189,interaction,True
121,0.8300000000000001,184.89,250.0,41.0,1380000.0,1380000.0,877000.0,877000.0,7164919808.0,17179869184.0,0.52,Tesla V100-PCIE-16GB,11:40:18,11:43:30,191,interaction,True
122,0.8300000000000001,184.89,250.0,41.0,1380000.0,1380000.0,877000.0,877000.0,7164919808.0,17179869184.0,0.52,Tesla V100-PCIE-16GB,11:40:18,11:43:31,193,interaction,True
123,0.8300000000000001,177.4,250.0,42.0,1380000.0,1380000.0,877000.0,877000.0,7164919808.0,17179869184.0,0.51,Tesla V100-PCIE-16GB,11:40:18,11:43:33,195,interaction,True
124,0.8300000000000001,177.4,250.0,42.0,1380000.0,1380000.0,877000.0,877000.0,7164919808.0,17179869184.0,0.51,Tesla V100-PCIE-16GB,11:40:18,11:43:35,196,interaction,True
125,0.8300000000000001,177.4,250.0,42.0,1380000.0,1380000.0,877000.0,877000.0,7164919808.0,17179869184.0,0.51,Tesla V100-PCIE-16GB,11:40:18,11:43:37,198,interaction,True
126,0.8300000000000001,177.4,250.0,42.0,1380000.0,1380000.0,877000.0,877000.0,7164919808.0,17179869184.0,0.51,Tesla V100-PCIE-16GB,11:40:18,11:43:39,200,interaction,True
127,0.8300000000000001,177.4,250.0,42.0,1380000.0,1380000.0,877000.0,877000.0,7164919808.0,17179869184.0,0.51,Tesla V100-PCIE-16GB,11:40:18,11:43:40,202,interaction,True
128,0.8300000000000001,177.4,250.0,42.0,1380000.0,1380000.0,877000.0,877000.0,7164919808.0,17179869184.0,0.51,Tesla V100-PCIE-16GB,11:40:18,11:43:42,204,interaction,True
129,0.8300000000000001,177.4,250.0,42.0,1380000.0,1380000.0,877000.0,877000.0,7164919808.0,17179869184.0,0.51,Tesla V100-PCIE-16GB,11:40:18,11:43:44,205,interaction,True
130,0.8300000000000001,177.4,250.0,42.0,1380000.0,1380000.0,877000.0,877000.0,7164919808.0,17179869184.0,0.51,Tesla V100-PCIE-16GB,11:40:18,11:43:46,207,interaction,True
131,0.8300000000000001,176.53,250.0,42.0,1380000.0,1380000.0,877000.0,877000.0,7164919808.0,17179869184.0,0.52,Tesla V100-PCIE-16GB,11:40:18,11:43:47,209,interaction,True
132,0.8300000000000001,176.53,250.0,42.0,1380000.0,1380000.0,877000.0,877000.0,7164919808.0,17179869184.0,0.52,Tesla V100-PCIE-16GB,11:40:18,11:43:49,211,interaction,True
133,0.8300000000000001,176.53,250.0,42.0,1380000.0,1380000.0,877000.0,877000.0,7164919808.0,17179869184.0,0.52,Tesla V100-PCIE-16GB,11:40:18,11:43:51,212,interaction,True
134,0.8300000000000001,176.53,250.0,42.0,1380000.0,1380000.0,877000.0,877000.0,7164919808.0,17179869184.0,0.52,Tesla V100-PCIE-16GB,11:40:18,11:43:52,214,interaction,True
135,0.8300000000000001,176.53,250.0,42.0,1380000.0,1380000.0,877000.0,877000.0,7164919808.0,17179869184.0,0.52,Tesla V100-PCIE-16GB,11:40:18,11:43:54,216,interaction,True
136,0.8300000000000001,176.53,250.0,42.0,1380000.0,1380000.0,877000.0,877000.0,7164919808.0,17179869184.0,0.52,Tesla V100-PCIE-16GB,11:40:18,11:43:56,217,interaction,True
137,0.8300000000000001,176.53,250.0,42.0,1380000.0,1380000.0,877000.0,877000.0,7164919808.0,17179869184.0,0.52,Tesla V100-PCIE-16GB,11:40:18,11:43:57,219,interaction,True
138,0.8300000000000001,176.53,250.0,42.0,1380000.0,1380000.0,877000.0,877000.0,7164919808.0,17179869184.0,0.52,Tesla V100-PCIE-16GB,11:40:18,11:43:59,221,interaction,True
139,0.8300000000000001,176.53,250.0,42.0,1380000.0,1380000.0,877000.0,877000.0,7164919808.0,17179869184.0,0.52,Tesla V100-PCIE-16GB,11:40:18,11:44:01,222,interaction,True
140,0.84,177.63,250.0,42.0,1380000.0,1380000.0,877000.0,877000.0,7164919808.0,17179869184.0,0.52,Tesla V100-PCIE-16GB,11:40:18,11:44:03,224,interaction,True
141,0.84,177.63,250.0,42.0,1380000.0,1380000.0,877000.0,877000.0,7164919808.0,17179869184.0,0.52,Tesla V100-PCIE-16GB,11:40:18,11:44:05,226,interaction,True
142,0.84,177.63,250.0,42.0,1380000.0,1380000.0,877000.0,877000.0,7164919808.0,17179869184.0,0.52,Tesla V100-PCIE-16GB,11:40:18,11:44:06,228,interaction,True
143,0.84,177.63,250.0,42.0,1380000.0,1380000.0,877000.0,877000.0,7164919808.0,17179869184.0,0.52,Tesla V100-PCIE-16GB,11:40:18,11:44:08,230,interaction,True
144,0.84,177.63,250.0,42.0,1380000.0,1380000.0,877000.0,877000.0,7164919808.0,17179869184.0,0.52,Tesla V100-PCIE-16GB,11:40:18,11:44:10,231,interaction,True
145,0.84,177.63,250.0,42.0,1380000.0,1380000.0,877000.0,877000.0,7164919808.0,17179869184.0,0.52,Tesla V100-PCIE-16GB,11:40:18,11:44:11,233,interaction,True
