,0,1,2,3,4,5,6,7,8,9,10
0,0.0,1.7696253529560554e-17,1.2675750801424797e-17,4.889218166263851e-10,2.219203812080669e-10,1.293443959329061e-20,-1.0,2.2311908298426302e-18,3.395290393238785e-18,3.4675306143715245e-19,4.527053857651714e-19
1,3.4858314814382014e-19,1.0529927306266568e-16,1.7202804713591126e-17,6.383145959516707e-10,3.0822011545458665e-09,1.810821548799066e-19,-1.0,5.432464646397198e-18,2.4898796295987157e-18,4.527053871997665e-19,4.527053871997665e-19
2,3.485831493431417e-19,1.0529927342495424e-16,1.7202804772778426e-17,6.38314598147831e-10,3.0822011651503675e-09,1.7655510161535754e-19,-1.0,8.842845260393121e-18,3.6216431100586155e-18,4.527053887573269e-19,4.527053887573269e-19
3,2.218256409998933e-19,2.840273615578226e-17,1.8560920981623727e-17,6.383145996119379e-10,3.082201172220035e-09,1.1317634744892516e-19,-1.0,1.116673294829395e-17,9.054107795914013e-19,4.527053897957006e-19,4.527053897957006e-19
4,2.218256412743792e-19,2.840273619092765e-17,1.8560921004590913e-17,6.383146004017851e-10,3.0822011760339343e-09,1.1317634758896899e-19,-1.0,1.2404127695750999e-17,1.3581161710676277e-18,4.527053903558759e-19,4.527053903558759e-19
5,2.2182564165024316e-19,2.8402736239053585e-17,1.856092103604075e-17,6.383146014833527e-10,3.082201181256452e-09,1.1317634778073629e-19,-1.0,1.40338671248113e-17,1.8108215644917806e-18,4.527053911229451e-19,4.527053911229451e-19
6,2.218256418869513e-19,2.840273626936189e-17,1.856092105584695e-17,6.383146021644927e-10,3.0822011845454417e-09,1.131763479015058e-19,-1.0,1.5165630618801775e-17,6.790580874090347e-19,4.527053916060232e-19,4.527053916060232e-19
7,2.2182564203758384e-19,2.8402736288649e-17,1.8560921068450892e-17,6.383146025979453e-10,3.0822011866384357e-09,1.131763479783591e-19,-1.0,1.5844688716970273e-17,6.790580878701546e-19,4.527053919134364e-19,4.527053919134364e-19
8,2.218256421882163e-19,2.8402736307936105e-17,1.8560921081054837e-17,6.38314603031398e-10,3.0822011887314293e-09,1.131763480552124e-19,-1.0,1.652374681606101e-17,6.790580883312745e-19,4.527053922208496e-19,4.527053922208496e-19
9,2.218256423388488e-19,2.840273632722322e-17,1.9466331878715307e-17,6.383146034648507e-10,3.082201190824423e-09,1.3128456383319624e-19,-1.0,1.720280491607399e-17,1.1317634813206573e-18,4.527053925282629e-19,4.527053925282629e-19
10,3.531102064917549e-19,1.0049607017833931e-16,2.2182564253969217e-17,6.383146040427876e-10,3.082201193615081e-09,1.8560921110464038e-19,-1.0,1.810821571752589e-17,6.790580894072209e-19,4.527053929381473e-19,4.527053929381473e-19
11,3.5311020670489468e-19,1.0049607023899946e-16,2.218256426735877e-17,6.383146044280789e-10,3.0822011954755197e-09,1.856092112166754e-19,-1.0,1.8711822919404678e-17,9.054107864228069e-19,4.527053932114034e-19,4.527053932114034e-19
12,3.5311020697131954e-19,1.0049607031482465e-16,2.2182564284095716e-17,6.383146049096931e-10,3.0822011978010685e-09,1.8560921135671923e-19,-1.0,1.9239979226001385e-17,6.790580903294607e-19,4.527053935529738e-19,4.527053935529738e-19
13,3.5311020718445937e-19,1.004960703754848e-16,2.2182564297485268e-17,6.383146052949843e-10,3.082201199661507e-09,1.8560921146875429e-19,-1.0,2.00699391262962e-17,9.0541078765246e-19,4.5270539382623e-19,4.5270539382623e-19
14,3.5311020745088424e-19,1.0049607045131e-16,2.2182564314222216e-17,6.383146057765984e-10,3.0822012019870557e-09,1.8560921160879811e-19,-1.0,2.0824448131718814e-17,6.790580912517004e-19,4.527053941678003e-19,4.527053941678003e-19
15,3.531102079570914e-19,1.0049607059537783e-16,2.2182564346022404e-17,6.383146066916651e-10,3.0822012064055973e-09,1.8560921187488134e-19,-1.0,2.2182564346022404e-17,1.5844688818587432e-18,4.527053948167837e-19,4.527053948167837e-19
16,3.53110208489941e-19,1.0049607074702821e-16,2.2182564379496296e-17,6.383146076548933e-10,3.0822012110566945e-09,1.3920690911622674e-19,-1.0,2.376703326374603e-17,1.131763488749811e-18,4.527053954999244e-19,4.527053954999244e-19
17,0.0,2.995098899339295e-17,2.1277153607761013e-17,6.383146082328304e-10,3.0822012138473533e-09,0.0,-1.0,2.467244407708458e-17,6.790580938647132e-19,4.527053959098088e-19,4.527053959098088e-19
18,0.0,2.9950989022770727e-17,2.127715362863096e-17,6.383146088589287e-10,3.0822012168705665e-09,0.0,-1.0,2.5653305793384842e-17,9.054107927077004e-19,4.527053963538502e-19,4.527053963538502e-19
19,0.0,2.9950989061187815e-17,2.1277153655922425e-17,6.383146096776727e-10,3.082201220823999e-09,0.0,-1.0,2.693597111760392e-17,1.5844688892708188e-18,4.527053969345196e-19,4.527053969345196e-19
20,0.0,2.9950989101864744e-17,2.1277153684819272e-17,6.383146105445782e-10,3.082201225009986e-09,0.0,-1.0,2.81809109974468e-17,1.1317634938733654e-18,4.527053975493462e-19,4.527053975493462e-19
21,0.0,2.995098914762628e-17,2.1277153717328224e-17,6.383146115198468e-10,3.082201229719222e-09,0.0,-1.0,2.982196810912759e-17,2.0371742920846173e-18,4.52705398241026e-19,4.52705398241026e-19
22,0.0,2.995098918321859e-17,2.2408917239560464e-17,6.38314612278389e-10,3.082201233381961e-09,8.601402576800986e-20,-1.0,3.101031981636145e-17,6.790580981684989e-19,4.527053987789992e-19,4.527053987789992e-19
23,3.2142083342410736e-19,3.1730121429148854e-17,2.3540680757821947e-17,6.383146128563259e-10,3.0822012361726193e-09,1.7202805169177577e-19,-1.0,3.1802554293019075e-17,1.131763497972209e-18,4.527053991888836e-19,4.527053991888836e-19
24,3.214208336423708e-19,3.173012145069545e-17,2.3540680773807437e-17,6.383146132897786e-10,3.082201238265613e-09,1.720280518085928e-19,-1.0,3.2594788763733376e-17,6.790580992444453e-19,4.527053994962969e-19,4.527053994962969e-19
25,3.214208338848857e-19,3.1730121474636114e-17,2.3540680791569096e-17,6.383146137713928e-10,3.0822012405911617e-09,1.7202805193838955e-19,-1.0,3.334929778805622e-17,9.054107996757344e-19,4.527053998378672e-19,4.527053998378672e-19
26,3.2142083407889763e-19,3.173012149378864e-17,2.354068080577842e-17,6.38314614156684e-10,3.0822012424516005e-09,1.720280520422269e-19,-1.0,3.3952905008334257e-17,6.790581001666851e-19,4.5270540011112345e-19,4.5270540011112345e-19
27,3.21420834297161e-19,3.1730121515335236e-17,2.354068082176391e-17,6.383146145901367e-10,3.082201244544594e-09,1.7202805215904395e-19,-1.0,3.463196313201806e-17,1.1317635010463417e-18,4.527054004185367e-19,4.527054004185367e-19
28,3.214208346609334e-19,3.173012155124623e-17,2.3540680848406392e-17,6.383146153125579e-10,3.082201248032917e-09,1.7202805235373903e-19,-1.0,3.5650550323307755e-17,1.1317635023272303e-18,4.527054009308922e-19,4.527054009308922e-19
29,3.214208349519513e-19,3.173012157997503e-17,2.3540680869720378e-17,6.383146158904949e-10,3.0822012508235753e-09,1.720280525094951e-19,-1.0,3.66691375086029e-17,9.05410802681553e-19,4.527054013407765e-19,4.527054013407765e-19
30,3.412266968012734e-19,8.095051646901453e-17,2.4955385288451337e-17,6.340705037575901e-10,3.0822012557072273e-09,1.776868703077941e-19,-1.0,3.819701829865001e-17,2.0371743092613336e-18,4.496953927358796e-19,4.5270540205807415e-19
31,3.5311021408486255e-19,1.1048275352232141e-16,2.580420795235534e-17,6.315240367286964e-10,3.082201259893215e-09,1.8108216106916029e-19,-1.0,3.961172273387881e-17,6.79058104009351e-19,4.478893877508486e-19,4.527054026729007e-19
32,3.5311021424471743e-19,1.1048275357233755e-16,2.5804207964037042e-17,6.315240370145908e-10,3.082201261288544e-09,1.8108216115113716e-19,-1.0,4.006442815468909e-17,6.790581043167643e-19,4.478893879536105e-19,4.527054028778429e-19
33,3.531102144844998e-19,1.104827536473618e-16,2.5804207981559602e-17,6.315240374434324e-10,3.082201263381538e-09,1.8108216127410251e-19,-1.0,4.059258448561131e-17,9.054108063705123e-19,4.478893882577535e-19,4.527054031852561e-19
34,3.5311021472428217e-19,1.1048275372238597e-16,2.5804207999082157e-17,6.315240378722738e-10,3.0822012654745313e-09,1.8108216139706777e-19,-1.0,4.142254441957925e-17,6.790581052390041e-19,4.478893885618963e-19,4.527054034926694e-19
35,3.531102149640645e-19,1.1048275379741018e-16,2.5804208016604714e-17,6.315240383011154e-10,3.0822012675675253e-09,1.8108216152003308e-19,-1.0,4.2101602553407686e-17,4.527054038000827e-19,4.478893888660393e-19,4.527054038000827e-19
36,3.531102150706344e-19,1.1048275383075429e-16,2.5804208024392515e-17,6.315240384917115e-10,3.082201268497745e-09,1.8108216157468437e-19,-1.0,4.240340616873858e-17,9.054108078734217e-19,4.478893890012139e-19,4.527054039367109e-19
37,3.531102152837743e-19,1.1048275389744246e-16,2.580420803996812e-17,6.31524038872904e-10,3.0822012703581837e-09,1.8108216168398682e-19,-1.0,4.300701339994687e-17,4.52705404209967e-19,4.478893892715632e-19,4.52705404209967e-19
38,3.531102154436292e-19,1.104827539474586e-16,2.5804208051649826e-17,6.315240391587984e-10,3.0822012717535125e-09,1.810821617659637e-19,-1.0,4.345971882383129e-17,4.527054044149093e-19,4.478893894743251e-19,4.527054044149093e-19
39,3.5311021552355668e-19,1.1048275397246667e-16,2.5804208057490678e-17,6.315240393017455e-10,3.0822012724511773e-09,1.8108216180695213e-19,-1.0,4.36860715359272e-17,6.790581067760705e-19,4.47889389575706e-19,4.527054045173803e-19
40,3.53110215763339e-19,1.1048275404749088e-16,2.5804208075013236e-17,6.315240397305871e-10,3.082201274544171e-09,1.8108216192991746e-19,-1.0,4.413877697041737e-17,6.790581072371904e-19,4.47889389879849e-19,4.527054048247936e-19
41,3.414692200146935e-19,1.107116937596503e-16,2.5804208103383087e-17,6.373445384933342e-10,3.083015042543841e-09,1.810821621290041e-19,-1.0,4.5399884933771754e-17,1.810821621290041e-18,4.520174031867618e-19,4.527054053225103e-19
42,3.3952905438712837e-19,1.1074985048702278e-16,2.5804208133421758e-17,6.383146222478013e-10,3.083150673568105e-09,1.8108216233980181e-19,-1.0,4.662865680249896e-17,6.790581087742567e-19,4.527054058495045e-19,4.527054058495045e-19
43,3.3952905469454164e-19,1.1074985058729689e-16,2.5804208156785167e-17,6.383146228257384e-10,3.083150676359623e-09,1.8108216250375556e-19,-1.0,4.742089130567099e-17,1.1317635156484721e-18,4.527054062593889e-19,4.527054062593889e-19
44,3.395290549251016e-19,1.1074985066250247e-16,2.5804208174307722e-17,6.38314623259191e-10,3.0831506784532614e-09,1.8108216262672089e-19,-1.0,4.821312579936443e-17,6.790581098502032e-19,4.527054065668022e-19,4.527054065668022e-19
45,3.3952905520689712e-19,1.1074985075442041e-16,2.580420819572418e-17,6.383146237889666e-10,3.083150681012153e-09,1.8108216277701184e-19,-1.0,4.904308575210736e-17,9.05410813885059e-19,4.527054069425295e-19,4.527054069425295e-19
46,3.3952905555529886e-19,1.1074985086806439e-16,2.5804208222202712e-17,6.383146244439618e-10,3.0831506841758734e-09,1.8108216296282607e-19,-1.0,4.997867697773999e-17,1.3581162222211955e-18,4.527054074070651e-19,4.527054074070651e-19
47,3.3952905605228364e-19,1.0893450234381467e-16,2.670961907611298e-17,6.349193348177704e-10,3.0831506886888273e-09,1.7881863618753609e-19,-1.0,5.153296561860216e-17,1.5844689282439903e-18,4.50297400579979e-19,4.527054080697116e-19
48,3.3952905667351464e-19,1.0711915385344939e-16,2.7615029942779192e-17,6.315240454127373e-10,3.08315069433002e-09,1.7655510947022763e-19,-1.0,5.3362650073854055e-17,2.037174340041088e-18,4.478893939097428e-19,4.527054088980195e-19
49,3.3952905726912788e-19,1.0711915404136138e-16,2.76150299912224e-17,6.315240465205778e-10,3.083150699738586e-09,1.7655510977994648e-19,-1.0,5.5116883630021753e-17,1.1317635242304262e-18,4.478893946954453e-19,4.527054096921705e-19
50,3.395290574612612e-19,1.0711915410197816e-16,2.7615030006849242e-17,6.315240468779458e-10,3.083150701483285e-09,1.765551098798558e-19,-1.0,5.568276542364684e-17,4.527054099483483e-19,4.478893949488978e-19,4.527054099483483e-19
51,3.395290579906951e-19,1.0711915426901105e-16,2.761503004990987e-17,6.315240478626929e-10,3.0831507062908987e-09,1.6951302598942854e-19,-1.0,5.7242084147172e-17,2.2635270532713007e-18,4.478893956472999e-19,4.527054106542601e-19
52,2.2635270575295443e-19,3.411135275697023e-17,2.6256913867342716e-17,6.383146302233315e-10,3.083150712091053e-09,1.1317635287647722e-19,-1.0,5.91233267426717e-17,1.3581162345177266e-18,4.527054115059089e-19,4.527054115059089e-19
53,2.263527060330421e-19,3.411135279917944e-17,2.6256913899832883e-17,6.383146310131787e-10,3.083150715906128e-09,1.1317635301652104e-19,-1.0,6.02098198047892e-17,9.054108241321683e-19,4.527054120660842e-19,4.527054120660842e-19
54,2.2635270615259173e-19,3.411135281719557e-17,2.625691391370064e-17,6.383146313503086e-10,3.0831507175345133e-09,1.1317635307629587e-19,-1.0,6.088887795504717e-17,6.790581184577751e-19,4.527054123051835e-19,4.527054123051835e-19
55,2.2635270630629837e-19,3.4111352840359157e-17,2.6256913931530608e-17,6.383146317837613e-10,3.083150719628152e-09,1.1317635315314919e-19,-1.0,6.156793611531315e-17,6.79058118918895e-19,4.527054126125967e-19,4.527054126125967e-19
56,2.2635270660090277e-19,3.4111352884756045e-17,2.625691396570472e-17,6.383146326145457e-10,3.083150723640959e-09,1.1317635330045139e-19,-1.0,6.281287608175052e-17,2.0371743594081247e-18,4.527054132018055e-19,4.527054132018055e-19
57,3.062418981618736e-19,8.466203738201507e-17,2.7854697867593026e-17,6.335212832409541e-10,3.0831507336678456e-09,1.57914300530427e-19,-1.0,6.606836081213986e-17,4.074348732066666e-18,4.493058746389746e-19,4.52705414674074e-19
58,3.395290618419005e-19,1.0572482280340992e-16,2.852044119471964e-17,6.31524055025935e-10,3.083150741262417e-09,1.7655511215778828e-19,-1.0,6.85848704920639e-17,6.79058123683801e-19,4.478894007276135e-19,4.527054157892007e-19
59,3.401326697763929e-19,1.0617994287079948e-16,2.8641162699005936e-17,6.328821726007951e-10,3.0831507477294333e-09,1.7655511252811873e-19,-1.0,7.062204501124751e-17,3.6216433339101285e-18,4.488526046814149e-19,4.527054167387661e-19
60,3.440561175313939e-19,1.0913822212430057e-16,2.942585215729026e-17,6.383146391042965e-10,3.0831507549873807e-09,1.7655511294374156e-19,-1.0,7.303647407245378e-17,9.05410835608931e-19,4.527054178044655e-19,4.527054178044655e-19
61,3.4405611771310925e-19,1.0913822218194261e-16,2.9425852172831716e-17,6.383146394414264e-10,3.0831507566157664e-09,1.7655511303699028e-19,-1.0,7.356463043207928e-17,6.790581270653472e-19,4.527054180435648e-19,4.527054180435648e-19
62,3.4405611794674337e-19,1.0913822225605381e-16,2.9425852192813575e-17,6.383146398748791e-10,3.083150758709405e-09,1.7655511315688146e-19,-1.0,7.401733590038492e-17,6.790581275264672e-19,4.527054183509781e-19,4.527054183509781e-19
63,3.4405611810249944e-19,1.0913822230546128e-16,2.942585220613482e-17,6.383146401638477e-10,3.083150760105164e-09,1.7655511323680893e-19,-1.0,7.469639406172685e-17,4.5270541855592035e-19,4.5270541855592035e-19,4.5270541855592035e-19
64,3.4405611810249944e-19,1.0913822230546128e-16,2.942585220613482e-17,6.383146401638477e-10,3.083150760105164e-09,1.7655511323680893e-19,-1.0,7.469639406172685e-17,4.5270541855592035e-19,4.5270541855592035e-19,4.5270541855592035e-19
65,3.440561183620929e-19,1.0913822238780704e-16,2.942585222833689e-17,6.383146406454618e-10,3.083150762431429e-09,1.765551133700213e-19,-1.0,7.545090314958176e-17,9.054108377949811e-19,4.527054188974906e-19,4.527054188974906e-19
66,3.440561186736051e-19,1.0913822248662199e-16,2.9425852254979377e-17,6.383146412233988e-10,3.0831507652229476e-09,1.7655511352987624e-19,-1.0,7.635631405651058e-17,9.054108386147501e-19,4.527054193073751e-19,4.527054193073751e-19
67,3.440561189980969e-19,1.091382225895542e-16,2.9425852282731966e-17,6.383146418254165e-10,3.083150768130779e-09,1.765551136963918e-19,-1.0,7.729945041963821e-17,1.131763549335845e-18,4.5270541973433795e-19,4.5270541973433795e-19
68,3.45866941060645e-19,1.087434635841563e-16,2.942585231536901e-17,6.3695652627268e-10,3.0831507715503883e-09,1.7836593557315983e-19,-1.0,7.84085787849525e-17,1.358116260709339e-18,4.517422172146667e-19,4.527054202364463e-19
69,3.5311022815209445e-19,1.0716442718995358e-16,2.942585234600787e-17,6.315240618873996e-10,3.083150774760634e-09,1.8108216828312537e-19,-1.0,7.944980133422124e-17,6.790581310617201e-19,4.478894055939005e-19,4.527054207078134e-19
70,3.531102285250893e-19,1.0716442730315272e-16,2.942585237709077e-17,6.315240625544864e-10,3.083150778017405e-09,1.8108216847440471e-19,-1.0,8.04306631640481e-17,1.5844689741510413e-18,4.478894060670117e-19,4.527054211860118e-19
71,3.5311022892472646e-19,1.0716442742443751e-16,2.9425852410393875e-17,6.315240632692224e-10,3.0831507815068028e-09,1.8108216867934696e-19,-1.0,8.163787771293891e-17,9.054108433967346e-19,4.478894065739166e-19,4.527054216983673e-19
72,3.5311022919115137e-19,1.0716442750529406e-16,2.942585243259595e-17,6.315240637457131e-10,3.0831507838330687e-09,1.8108216881597513e-19,-1.0,8.224148500392202e-17,9.054108440798755e-19,4.478894069118533e-19,4.527054220399377e-19
73,3.5311022945757624e-19,1.0716442758615058e-16,2.942585245479802e-17,6.315240642222036e-10,3.0831507861593335e-09,1.8108216895260325e-19,-1.0,8.314689591073697e-17,9.054108447630161e-19,4.478894072497899e-19,4.5270542238150805e-19
74,3.5311022967071616e-19,1.0716442765083579e-16,2.9425852472559676e-17,6.315240646033962e-10,3.0831507880203455e-09,1.8108216906190572e-19,-1.0,8.375050319113139e-17,6.790581339821464e-19,4.478894075201391e-19,4.527054226547643e-19
75,3.531102302035659e-19,1.0945360823656086e-16,2.9425852516963824e-17,6.29260538439688e-10,3.083150792672876e-09,1.7907014523143795e-19,-1.0,8.515892019011923e-17,2.263527116689525e-18,4.462840698153815e-19,4.527054233379049e-19
76,3.5311023078970057e-19,1.1403196927386881e-16,2.942585256580838e-17,6.247334852433163e-10,3.083150797790659e-09,1.7655511539485029e-19,-1.0,8.691944142515705e-17,1.1317635602233992e-18,4.430733937895861e-19,4.527054240893597e-19
77,3.531102311094104e-19,1.1403196937711458e-16,2.942585259245087e-17,6.247334858089568e-10,3.083150800582177e-09,1.765551155547052e-19,-1.0,8.782485235285335e-17,4.527054244992441e-19,4.430733941907495e-19,4.527054244992441e-19
78,3.5311023134919275e-19,1.1403196945454892e-16,2.9425852612432726e-17,6.247334862331872e-10,3.083150802675816e-09,1.7655511567459638e-19,-1.0,8.850391054970152e-17,6.7905813720998605e-19,4.430733944916221e-19,4.527054248066573e-19
79,3.5311023164226007e-19,1.1403196954919088e-16,2.942585263685501e-17,6.247334867516909e-10,3.0831508052347073e-09,1.7655511582113004e-19,-1.0,8.933387056932392e-17,9.054108503647694e-19,4.4307339485935525e-19,4.527054251823847e-19
80,3.531102318287575e-19,1.140319696094176e-16,2.9425852652396457e-17,6.247334870816479e-10,3.083150806863093e-09,1.7655511591437875e-19,-1.0,8.986202694616457e-17,6.79058138132226e-19,4.430733950933673e-19,4.52705425421484e-19
81,3.531102320685399e-19,1.1403196968685194e-16,2.942585267237832e-17,6.247334875058782e-10,3.083150808956732e-09,1.7655511603426996e-19,-1.0,9.0314732432915e-17,6.790581385933459e-19,4.430733953942399e-19,4.527054257288973e-19
82,3.531102322283948e-19,1.1403196973847483e-16,2.9425852685699563e-17,6.247334877886985e-10,3.0831508103524908e-09,1.765551161141974e-19,-1.0,9.099379061270174e-17,6.790581389007593e-19,4.430733955948217e-19,4.527054259338395e-19
83,3.5311023254810466e-19,1.140319698417206e-16,2.942585271234205e-17,6.24733488354339e-10,3.083150813144009e-09,1.527880813910068e-19,-1.0,9.178602519119001e-17,1.1317635658593097e-18,4.430733959959851e-19,4.527054263437239e-19
84,1.5844689941158279e-19,3.398912345091896e-17,2.7615031040304428e-17,6.383146519152335e-10,3.083150816866034e-09,8.148697684024256e-20,-1.0,9.31064161304253e-17,1.5844689941158278e-18,4.527054268902365e-19,4.527054268902365e-19
85,1.584468996148171e-19,3.398912349451562e-17,2.7615031075725265e-17,6.383146527339775e-10,3.0831508208206843e-09,8.148697694476308e-20,-1.0,9.416272891394844e-17,6.790581412063591e-19,4.52705427470906e-19,4.52705427470906e-19
86,1.584468996985018e-19,3.398912351246719e-17,2.761503109031032e-17,6.383146530711075e-10,3.08315082244907e-09,8.148697698780095e-20,-1.0,9.491723800986443e-17,9.054108554200106e-19,4.527054277100053e-19,4.527054277100053e-19
87,1.5844689979414152e-19,3.3989123532983276e-17,2.7615031106978954e-17,6.383146534563988e-10,3.083150824310082e-09,8.148697703698707e-20,-1.0,9.552084530446818e-17,6.7905814197489225e-19,4.527054279832615e-19,4.527054279832615e-19
88,1.5844689993760108e-19,3.3989123563757394e-17,2.76150311319819e-17,6.383146540343358e-10,3.0831508271016003e-09,8.148697711076626e-20,-1.0,9.619990353354351e-17,1.1317635709828647e-18,4.527054283931459e-19,4.527054283931459e-19
89,1.5844690004519573e-19,3.3989123586837985e-17,2.7615031150734114e-17,6.383146544677885e-10,3.0831508291952387e-09,8.148697716610066e-20,-1.0,9.710531445626996e-17,6.790581430508388e-19,4.527054287005592e-19,4.527054287005592e-19
90,1.5844690015279033e-19,3.3989123609918576e-17,2.7615031169486323e-17,6.383146549012412e-10,3.083150831288877e-09,8.148697722143506e-20,-1.0,9.778437266572206e-17,9.05410858015945e-19,4.527054290079725e-19,4.527054290079725e-19
91,1.5844690027233998e-19,3.398912363556368e-17,2.7615031190322118e-17,6.383146553828555e-10,3.0831508336151426e-09,8.148697728291774e-20,-1.0,9.853888178841717e-17,9.054108586990858e-19,4.527054293495429e-19,4.527054293495429e-19
92,9.506814024230675e-20,7.532112939769047e-17,2.8520442072692025e-17,6.383146559126311e-10,3.0831508361740346e-09,9.054108594505406e-21,-1.0,9.914248910983418e-17,6.790581445879054e-19,4.527054297252703e-19,4.527054297252703e-19
93,3.168938010802624e-20,1.1665313523194572e-16,2.8520442097223614e-17,6.383146564616714e-10,3.0831508388259772e-09,9.05410860229321e-21,-1.0,1.001384411413629e-16,1.3581162903439815e-18,4.527054301146605e-19,4.527054301146605e-19
94,3.1689380194639935e-20,1.1665313555078311e-16,2.852044217517594e-17,6.383146582063186e-10,3.0831508472528723e-09,9.054108627039981e-21,-1.0,1.0293389745366077e-16,3.847996166491992e-18,4.52705431351999e-19,4.52705431351999e-19
95,2.693597327671475e-19,1.0808002689102643e-16,2.953902951774181e-17,6.327973133757621e-10,3.083150859989175e-09,1.488269111717643e-19,-1.0,1.0709312904660226e-16,3.847996182387822e-18,4.487924208338738e-19,4.527054332220967e-19
96,3.4858318451798463e-19,1.0522232412664307e-16,2.987855867297011e-17,6.315240810423227e-10,3.0831508682764947e-09,1.8108217377557643e-19,-1.0,1.0966789149283347e-16,1.1317635860973526e-18,4.478894191789524e-19,4.527054344389411e-19
97,3.485831847546929e-19,1.0522232419809514e-16,2.987855869325939e-17,6.315240814711644e-10,3.0831508703701335e-09,1.8108217389854176e-19,-1.0,1.1046012607811046e-16,4.527054347463543e-19,4.478894194830953e-19,4.527054347463543e-19
98,3.4858318504400294e-19,1.0522232428542547e-16,2.9878558718057394e-17,6.315240819953041e-10,3.083150872929025e-09,1.810821740488327e-19,-1.0,1.1129008613417842e-16,1.584469022927286e-18,4.478894198548256e-19,4.527054351220817e-19
99,3.4858318631122883e-19,1.0407409906014463e-16,2.987855882667676e-17,6.253508283351974e-10,3.0831508841373935e-09,1.8108217470713194e-19,-1.0,1.1484313830005717e-16,5.206112522830042e-18,4.435112257696437e-19,4.527054367678297e-19
100,3.485831874373864e-19,1.0395927683522261e-16,2.987855892320455e-17,6.247335047579134e-10,3.0831508940980394e-09,1.8108217529214883e-19,-1.0,1.1800521756538364e-16,9.05410876460744e-19,4.430734076297257e-19,4.52705438230372e-19
101,3.4858318767409467e-19,1.0395927690581701e-16,2.987855894349383e-17,6.247335051821437e-10,3.0831508961916778e-09,1.8108217541511414e-19,-1.0,1.1883517761616865e-16,6.790581578066779e-19,4.430734079305984e-19,4.527054385377853e-19
102,3.470741697289448e-19,1.0756432127151702e-16,2.972765714634876e-17,6.269970327059851e-10,3.083150897820064e-09,1.8108217551075387e-19,-1.0,1.193633340241719e-16,9.054108775537691e-19,4.446787465999895e-19,4.527054387768846e-19
103,3.440561340090887e-19,1.1477441007279508e-16,2.9425853566566795e-17,6.31524088082472e-10,3.083150902647064e-09,1.810821757942572e-19,-1.0,1.208723523426667e-16,2.0371744776853937e-18,4.47889424171966e-19,4.527054394856431e-19
104,3.4405613481087853e-19,1.1477441034026587e-16,2.9425853635140927e-17,6.315240895541784e-10,3.083150909832052e-09,1.8108217621625189e-19,-1.0,1.232593449471987e-16,2.716232643243778e-18,4.478894252157294e-19,4.527054405406296e-19
105,3.4405613539142397e-19,1.147744105339312e-16,2.9425853684792837e-17,6.315240906197847e-10,3.083150915034427e-09,1.810821765218021e-19,-1.0,1.2494670180004344e-16,4.527054413045052e-19,4.478894259714786e-19,4.527054413045052e-19
106,3.4631966309441897e-19,1.130880829271913e-16,2.965220644795353e-17,6.315240915251171e-10,3.0831509194543317e-09,1.7844139503666688e-19,-1.0,1.2634254375851953e-16,2.9425853726976783e-18,4.478894266135582e-19,4.52705441953489e-19
107,3.4858319129644828e-19,1.1140175547302597e-16,2.9878559253981285e-17,6.315240933227862e-10,3.0831509282306953e-09,1.7655512286443486e-19,-1.0,1.2918567148518904e-16,2.716232659452844e-18,4.478894278885009e-19,4.527054432421406e-19
108,3.485831918559406e-19,1.11401755651831e-16,2.9878559301937766e-17,6.315240943364119e-10,3.0831509331792967e-09,1.7655512314781407e-19,-1.0,1.3083187330696993e-16,4.52705443968754e-19,4.478894286073843e-19,4.52705443968754e-19
109,3.4858319219409533e-19,1.1140175575989995e-16,2.987855933092245e-17,6.315240949490427e-10,3.0831509361702093e-09,1.7655512331908726e-19,-1.0,1.3173728432270354e-16,1.8108217776316638e-18,4.478894290418743e-19,4.527054444079159e-19
110,3.4405613814311487e-19,1.0921066153374345e-16,2.972765755008492e-17,6.337876228952115e-10,3.08315093969284e-09,1.765551235208089e-19,-1.0,1.3294449899301938e-16,9.054108898503022e-19,4.494947680107884e-19,4.527054449251511e-19
111,3.3500202975013595e-19,1.0482847298505605e-16,2.942585396453897e-17,6.383146783076915e-10,3.0831509443453705e-09,1.7655512378723381e-19,-1.0,1.3435291613552748e-16,2.263527228041459e-18,4.527054456082918e-19,4.527054456082918e-19
112,3.3500203054978326e-19,1.048284732352808e-16,2.9425854034778256e-17,6.383146798313437e-10,3.0831509517048283e-09,1.7655512420866954e-19,-1.0,1.368405100218709e-16,2.7162326801333773e-18,4.527054466888963e-19,4.527054466888963e-19
113,3.3556791313324804e-19,1.049303322031567e-16,2.94824422837137e-17,6.366170358767354e-10,3.0831509588263723e-09,1.7542336099714486e-19,-1.0,1.3915033699741264e-16,2.0371745148055533e-18,4.515014438842095e-19,4.527054477345673e-19
114,3.3952908620440553e-19,1.0564334340888009e-16,2.987855958598768e-17,6.247335186161061e-10,3.0831509624902402e-09,1.7202807034356545e-19,-1.0,1.403386889644876e-16,4.527054482725407e-19,4.430734174582314e-19,4.527054482725407e-19
115,3.395290864093478e-19,1.056433434726472e-16,2.98785596040226e-17,6.247335189931998e-10,3.083150964351253e-09,1.7202807044740288e-19,-1.0,1.4094229631392479e-16,9.05410897091594e-19,4.430734177256736e-19,4.52705448545797e-19
116,3.3952908658867217e-19,1.0564334352844339e-16,2.9878559619803154e-17,6.247335193231568e-10,3.0831509659796384e-09,1.7202807053826058e-19,-1.0,1.4147045274528008e-16,6.790581731773443e-19,4.4307341795968575e-19,4.527054487848962e-19
117,3.395290871266455e-19,1.0564334369583202e-16,2.9878559667144805e-17,6.247335203130277e-10,3.083150970864796e-09,1.7202807081083373e-19,-1.0,1.4296438095279287e-16,2.489879972262067e-18,4.430734186617219e-19,4.52705449502194e-19
118,3.3952908789517885e-19,1.0564334393495861e-16,2.9878559734775736e-17,6.247335217271291e-10,3.083150977843592e-09,1.7202807120022393e-19,-1.0,1.452537774119184e-16,1.8108218021076206e-18,4.430734196646306e-19,4.527054505269052e-19
119,3.3600804617824817e-19,1.0995310004520301e-16,2.917435131487783e-17,6.247335229841081e-10,3.0831509840469665e-09,1.7605212000357315e-19,-1.0,1.4728017353441774e-16,2.2635272571887975e-18,4.430734205561051e-19,4.527054514377595e-19
120,3.3500203467899647e-19,1.111844590772453e-16,2.89731489452105e-17,6.247335241311014e-10,3.083150989707546e-09,1.765551263848765e-19,-1.0,1.4916644652260717e-16,1.5844690829411992e-18,4.430734213695755e-19,4.527054522689141e-19
121,3.350020354372827e-19,1.1118445932891435e-16,2.897314901079201e-17,6.247335255452028e-10,3.083150996686342e-09,1.765551267845138e-19,-1.0,1.5131679776339422e-16,2.942585446408564e-18,4.430734223724843e-19,4.5270545329362515e-19
122,3.350020363775576e-19,1.1039131968458737e-16,2.93353134557645e-17,6.301659927534597e-10,3.0831510053400497e-09,1.7655512728006413e-19,-1.0,1.5423674837004577e-16,2.4898800001034685e-18,4.469262359953615e-19,4.52705454564267e-19
123,3.350020371644902e-19,1.1019303495433589e-16,2.9425854615799815e-17,6.315241106006268e-10,3.0831510125824895e-09,1.765551276947989e-19,-1.0,1.5653548643481884e-16,2.263527278138447e-18,4.478894401422884e-19,4.527054556276894e-19
124,3.366482396833929e-19,1.1023377872762444e-16,2.9467009732678406e-17,6.315241122178074e-10,3.083151020477694e-09,1.7737822897743566e-19,-1.0,1.5914654558137904e-16,2.7162327407217524e-18,4.478894412892251e-19,4.527054567869587e-19
125,3.531102572965542e-19,1.1064121395292032e-16,2.987856023278536e-17,6.31524114011145e-10,3.083151029232911e-09,1.8108218322900217e-19,-1.0,1.6194508886502807e-16,2.716232748435032e-18,4.478894425610957e-19,4.527054580725054e-19
126,3.5311025820482087e-19,1.1064121423751054e-16,2.987856030963869e-17,6.31524115635545e-10,3.0831510371633612e-09,1.8108218369477995e-19,-1.0,1.6455843443263126e-16,2.489880025803224e-18,4.478894437131525e-19,4.527054592369498e-19
127,3.4534959402687497e-19,1.1078672697523185e-16,2.968454375624262e-17,6.344343665549893e-10,3.083151044640644e-09,1.7720185161678598e-19,-1.0,1.669836426549421e-16,1.8108218413394187e-18,4.499534514574392e-19,4.527054603348547e-19
128,3.3500204147107476e-19,1.109807438738297e-16,2.9425854994080886e-17,6.383147006408316e-10,3.083151052217623e-09,1.7202807535001132e-19,-1.0,1.6944118699888336e-16,1.810821845789593e-18,4.527054614473983e-19,4.527054614473983e-19
129,3.350020421691795e-19,1.1098074410510046e-16,2.94258550554009e-17,6.383147019710041e-10,3.083151058642546e-09,1.7202807570849756e-19,-1.0,1.7147476903224216e-16,2.2635273119539155e-18,4.527054623907831e-19,4.527054623907831e-19
130,3.372655702920443e-19,1.1005496169912408e-16,2.9425855126151516e-17,6.349194125296539e-10,3.0831510660555794e-09,1.7202807612211656e-19,-1.0,1.7392943906872944e-16,2.4898800491358977e-18,4.5029745569479e-19,4.527054634792542e-19
131,3.3952909843262523e-19,1.0912917929089151e-16,2.9425855197494186e-17,6.315241230846829e-10,3.0831510735306456e-09,1.7202807653919677e-19,-1.0,1.7625332754191388e-16,2.263527322884168e-18,4.47889448996229e-19,4.527054645768336e-19
132,3.3952909930789934e-19,1.0912917957221627e-16,2.942585527335127e-17,6.315241247126928e-10,3.0831510814787197e-09,1.7202807698266898e-19,-1.0,1.788941098797843e-16,2.9425855273351276e-18,4.478894501508459e-19,4.527054657438658e-19
133,1.2963838376825109e-19,1.1801866907836916e-16,2.860275451394746e-17,6.383147086493886e-10,3.0831510909000955e-09,4.9797601383994866e-20,-1.0,1.8190528770021262e-16,2.7162328027633557e-18,4.52705467127226e-19,4.52705467127226e-19
134,1.0864931243844183e-19,1.1890761835450469e-16,2.852044451509097e-17,6.383147105758456e-10,3.0831511002051577e-09,4.9797601534285844e-20,-1.0,1.849679093353056e-16,2.942585545207799e-18,4.527054684935075e-19,4.527054684935075e-19
135,2.2182568014761195e-19,1.1100224940406955e-16,2.908632642751851e-17,6.340705984831612e-10,3.083151108347088e-09,1.2902105886136614e-19,-1.0,1.8758982900238102e-16,2.037174613600518e-18,4.496954599171357e-19,4.52705469689004e-19
136,3.350020482902349e-19,1.0625902807389721e-16,2.942585559306118e-17,6.31524131574159e-10,3.0831511149769446e-09,1.7655513355836704e-19,-1.0,1.8974018039141177e-16,2.0371746179811583e-18,4.478894550171341e-19,4.527054706624796e-19
137,3.350020489347783e-19,1.062590282783394e-16,2.9425855649676474e-17,6.315241327892104e-10,3.0831511209089223e-09,1.7655513389805884e-19,-1.0,1.9172076719443053e-16,1.1317636788337104e-18,4.478894558788727e-19,4.527054715334841e-19
138,3.3500204976889327e-19,1.0902996329015545e-16,2.9425855722943323e-17,6.315241343616298e-10,3.083151128585599e-09,1.720280796110533e-19,-1.0,1.9405974594720571e-16,2.9425855722943324e-18,4.478894569940637e-19,4.527054726606665e-19
139,3.350020505271796e-19,1.1290927219187007e-16,2.9425855789549555e-17,6.31524135791102e-10,3.083151135564396e-09,1.675010252635898e-19,-1.0,1.9647417557945396e-16,1.5844691578988223e-18,4.478894580078738e-19,4.527054736853778e-19
140,3.350020513787934e-19,1.1290927247889844e-16,2.9425855864353475e-17,6.315241373965091e-10,3.0831511434021216e-09,1.675010256893967e-19,-1.0,1.9898146793954527e-16,3.168938323853451e-18,4.478894591464604e-19,4.527054748362073e-19
141,3.385230949222752e-19,1.1233785788748363e-16,2.9023451080260444e-17,6.31524139190069e-10,3.0831511521584236e-09,1.795731721950256e-19,-1.0,2.0180604113345733e-16,2.2635273806095663e-18,4.478894604184886e-19,4.527054761219133e-19
142,3.395291078386203e-19,1.122664312705326e-16,2.8973150535562265e-17,6.315241405798338e-10,3.083151158943366e-09,1.8108219084726417e-19,-1.0,2.040569938110108e-16,2.037174647031722e-18,4.478894614041375e-19,4.527054771181604e-19
143,3.4028361785292803e-19,1.1135008022378313e-16,2.8973150610981016e-17,6.303923785279853e-10,3.083151166968983e-09,1.8108219131863138e-19,-1.0,2.0662232538586332e-16,2.9425856089277594e-18,4.470867932822591e-19,4.527054782965784e-19
144,3.4858321936670306e-19,1.0127021580822269e-16,2.897315070060909e-17,6.179429797864282e-10,3.083151176506672e-09,1.8108219187880684e-19,-1.0,2.0967808801300173e-16,2.9425856180306107e-18,4.382574324726442e-19,4.52705479697017e-19
145,3.485832203135363e-19,1.0127021608329619e-16,2.897315077930691e-17,6.179429814649053e-10,3.0831511848812283e-09,1.8108219237066823e-19,-1.0,2.1246977238158404e-16,2.2635274046333525e-18,4.382574336630533e-19,4.527054809266705e-19
146,3.38523099315478e-19,1.0533450553886218e-16,2.897315084780317e-17,6.269970925657404e-10,3.083151192170194e-09,1.7504611970547746e-19,-1.0,2.147836009029853e-16,2.2635274099846225e-18,4.446787890537166e-19,4.527054819969245e-19
147,3.304750027266894e-19,1.0858593719729277e-16,2.8973150923983724e-17,6.315241490462077e-10,3.083151200276878e-09,1.7202808361115333e-19,-1.0,2.1746325210558238e-16,2.716232899123474e-18,4.47889467408658e-19,4.527054831872457e-19
148,3.304750036243365e-19,1.0837851607028647e-16,2.8973151002681554e-17,6.315241507615744e-10,3.083151208651435e-09,1.7285118495917973e-19,-1.0,2.2017948560276465e-16,2.7162329065013955e-18,4.478894686252301e-19,4.527054844168993e-19
149,3.485832240219664e-19,1.0630430216212751e-16,2.897315108754007e-17,6.315241526112249e-10,3.083151217681576e-09,1.8108219429712547e-19,-1.0,2.2307062809977137e-16,2.9425856573282883e-18,4.47889469937039e-19,4.5270548574281355e-19
150,3.4858322510435045e-19,1.0630430249221249e-16,2.8973151177504464e-17,6.315241545721676e-10,3.083151227255054e-09,1.8108219485940294e-19,-1.0,2.2614380258018507e-16,3.1689384100395506e-18,4.478894713277785e-19,4.527054871485073e-19
151,3.44879272103402e-19,1.0790070696818862e-16,2.897315126023807e-17,6.259682253809959e-10,3.083151236059075e-09,1.8108219537648797e-19,-1.0,2.290278221068535e-16,2.7162329306473192e-18,4.439490960148907e-19,4.527054884412198e-19
152,3.440561721628435e-19,1.0825546374907998e-16,2.897315134002893e-17,6.247335757693738e-10,3.0831512445499456e-09,1.8108219587518086e-19,-1.0,2.3182293617770544e-16,2.942585682971688e-18,4.430734579924638e-19,4.52705489687952e-19
153,3.407637696404323e-19,1.0535321033094673e-16,2.897315142836525e-17,6.247335776741258e-10,3.0831512539501746e-09,1.769666919630264e-19,-1.0,2.3474837464118663e-16,2.7162329464092428e-18,4.430734593433518e-19,4.527054910682071e-19
154,3.350020642268861e-19,1.0027426652196659e-16,2.897315150070366e-17,6.247335792339228e-10,3.0831512616479997e-09,1.72028087035428e-19,-1.0,2.3731827913249976e-16,2.2635274609924737e-18,4.430734604495906e-19,4.527054921984947e-19
155,3.3500206511155364e-19,1.0027426678676907e-16,2.897315157721545e-17,6.247335808837081e-10,3.0831512697899306e-09,1.7202808748971668e-19,-1.0,2.3997163695659823e-16,2.9425857070609436e-18,4.430734616196512e-19,4.527054933939914e-19
156,3.3907641549357694e-19,1.1112833400494162e-16,2.8973151657662114e-17,6.308451067961274e-10,3.0831512783505886e-09,1.8017678687108629e-19,-1.0,2.426954156823853e-16,2.489880220580338e-18,4.474078771603741e-19,4.527054946509705e-19
157,3.395291214800893e-19,1.123343416054258e-16,2.8973151699634284e-17,6.315241659529661e-10,3.083151282817019e-09,1.810821981227143e-19,-1.0,2.442346147180109e-16,6.790582429601786e-19,4.478894793992667e-19,4.527054953067857e-19
158,3.395291216594138e-19,1.123343416647559e-16,2.8973151714936645e-17,6.315241662865096e-10,3.083151284445405e-09,1.8108219821835406e-19,-1.0,2.447627712584752e-16,9.054109910917702e-19,4.478894796358224e-19,4.527054955458851e-19
159,3.395291222486228e-19,1.1233434185969765e-16,2.897315176521581e-17,6.315241673824384e-10,3.0831512897958165e-09,1.8108219853259883e-19,-1.0,2.4649814275250013e-16,2.489880229823234e-18,4.478894804130768e-19,4.52705496331497e-19
160,3.3952912278659626e-19,1.12334342037688e-16,2.897315181112288e-17,6.31524168383069e-10,3.0831512946809748e-09,1.81082198819518e-19,-1.0,2.4808261238273968e-16,4.52705497048795e-19,4.47889481122744e-19,4.52705497048795e-19
161,3.3952912309400963e-19,1.0994405711281492e-16,2.897315183735549e-17,6.315241689548579e-10,3.083151297472494e-09,1.7712102588070835e-19,-1.0,2.4898802360227376e-16,2.0371747385640578e-18,4.478894815282681e-19,4.527054974586795e-19
162,3.395291236063653e-19,1.091472956019929e-16,2.897315188107651e-17,6.315241699078394e-10,3.083151302125026e-09,1.7655514427530993e-19,-1.0,2.5049704230514063e-16,9.054109962836409e-19,4.478894822041415e-19,4.527054981418204e-19
163,3.395291237856898e-19,1.0914729565963975e-16,2.897315189637886e-17,6.315241702413831e-10,3.083151303753412e-09,1.765551443685587e-19,-1.0,2.5102519885222e-16,6.790582475713796e-19,4.478894824406972e-19,4.527054983809197e-19
164,3.3952912401624985e-19,1.0914729573375711e-16,2.897315191605332e-17,6.315241706702247e-10,3.083151305847051e-09,1.7655514448844992e-19,-1.0,2.5170425727071324e-16,6.790582480324997e-19,4.478894827448403e-19,4.527054986883331e-19
165,3.395291244389433e-19,1.0914729586963897e-16,2.8973151952123164e-17,6.315241714564346e-10,3.0831513096853904e-09,1.7655514470825053e-19,-1.0,2.5289260951960627e-16,2.0371747466336596e-18,4.478894833024359e-19,4.527054992519244e-19
166,3.395291248616367e-19,1.0914729600552082e-16,2.8973151988192997e-17,6.315241722426443e-10,3.083151313523729e-09,1.765551449280511e-19,-1.0,2.54194138146412e-16,6.790582497232734e-19,4.478894838600314e-19,4.527054998155156e-19
167,3.3862371418392897e-19,1.0936278392740217e-16,2.897315201573724e-17,6.315241728430226e-10,3.083151316454824e-09,1.7655514509589882e-19,-1.0,2.5514481993858605e-16,1.3581165007376831e-18,4.478894842858316e-19,4.527055002458944e-19
168,3.3500207113878145e-19,1.1022473551468985e-16,2.89731520984892e-17,6.315241746467569e-10,3.0831513252607977e-09,1.7655514560016857e-19,-1.0,2.5795982578598056e-16,2.7162330092333626e-18,4.478894855650758e-19,4.527055015388937e-19
169,3.3500207203218067e-19,1.1022473580864236e-16,2.897315217575617e-17,6.315241763309353e-10,3.083151333483091e-09,1.7655514607101415e-19,-1.0,2.6066782848125624e-16,2.4898802651040456e-18,4.478894867595285e-19,4.527055027461902e-19
170,3.289659991884321e-19,1.115345639083275e-16,2.897315222210045e-17,6.269971223063924e-10,3.0831513384147748e-09,1.7202809131872143e-19,-1.0,2.622673883438051e-16,9.05411006940639e-19,4.446788101463776e-19,4.527055034703195e-19
171,3.2594796274456074e-19,1.1218947795466255e-16,2.8973152243960955e-17,6.247335952604081e-10,3.0831513407410403e-09,1.7202809144851816e-19,-1.0,2.63021897714708e-16,6.790582557178348e-19,4.430734718158923e-19,4.527055038118899e-19
172,3.2594796327577107e-19,1.1218947813750221e-16,2.897315229117965e-17,6.247335962785612e-10,3.0831513457657746e-09,1.7202809172887917e-19,-1.0,2.6456109685883417e-16,2.4898802750232512e-18,4.430734725379867e-19,4.52705504549682e-19
173,3.259479640873425e-19,1.121894784168406e-16,2.897315236331933e-17,6.247335978340731e-10,3.083151353442453e-09,1.7202809215720855e-19,-1.0,2.670962483493501e-16,2.4898802812227554e-18,4.430734736411866e-19,4.527055056768646e-19
174,3.3335587323871657e-19,1.108153117233044e-16,2.8973152439513146e-17,6.302895306976474e-10,3.083151361550547e-09,1.7573204675670617e-19,-1.0,2.6977132704688727e-16,2.7162330412043574e-18,4.470138515586152e-19,4.527055068673929e-19
175,3.3500207597527003e-19,1.105099415761124e-16,2.897315251678011e-17,6.315241837641915e-10,3.08315136977284e-09,1.7655514814912881e-19,-1.0,2.7239290420854053e-16,2.4898802944107906e-18,4.478894920313415e-19,4.527055080746892e-19
176,3.3751710742115537e-19,1.104732224060785e-16,2.902345320149131e-17,6.315241853461409e-10,3.0831513774960432e-09,1.7655514859139424e-19,-1.0,2.748425447018171e-16,2.263527546043516e-18,4.478894931532914e-19,4.527055092087032e-19
177,3.5763735290090586e-19,1.1017946702407908e-16,2.9425858150074534e-17,6.315241864515995e-10,3.0831513828929802e-09,1.7655514890044718e-19,-1.0,2.766936077127008e-16,1.35811653000344e-18,4.478894939373046e-19,4.527055100011466e-19
178,3.5763735353413203e-19,1.1017946721916082e-16,2.942585820217542e-17,6.315241875697647e-10,3.0831513883519516e-09,1.765551492130525e-19,-1.0,2.784138891436597e-16,2.2635275540134938e-18,4.478894947303296e-19,4.527055108026987e-19
179,3.5763735416376017e-19,1.1017946741313412e-16,2.9425858253980266e-17,6.315241886815765e-10,3.0831513937799055e-09,1.7655514952388163e-19,-1.0,2.802247116802121e-16,1.5844692905989375e-18,4.478894955188486e-19,4.527055115996964e-19
180,3.5582653290667614e-19,1.145417379769918e-16,2.942585831925438e-17,6.2812889873793e-10,3.0831514006191274e-09,1.765551499155263e-19,-1.0,2.8235242821106093e-16,2.4898803193215247e-18,4.454814884666171e-19,4.527055126039136e-19
181,3.531103007916357e-19,1.2108514378556259e-16,2.942585839930297e-17,6.247336090928938e-10,3.0831514090063736e-09,1.7655515039581784e-19,-1.0,2.8508100857618417e-16,2.7162330830125818e-18,4.430734816261659e-19,4.527055138354304e-19
182,3.5311030173332683e-19,1.2108514410847814e-16,2.942585847777723e-17,6.247336107589628e-10,3.083151417228667e-09,1.7655515086666342e-19,-1.0,2.877848959126614e-16,2.489880332734997e-18,4.430734828077751e-19,4.527055150427267e-19
183,1.8007619420346777e-19,1.173749711977559e-16,2.902345364676004e-17,6.247336122924776e-10,3.0831514247967862e-09,7.695993774617479e-20,-1.0,2.9023453646760034e-16,2.2635275807698464e-18,4.430734838953743e-19,4.527055161539693e-19
184,1.5844693104876547e-19,1.169111998381248e-16,2.897315310605997e-17,6.247336138494181e-10,3.083151432480514e-09,7.695993793797178e-20,-1.0,2.9277700454049803e-16,2.716233103693122e-18,4.430734849995874e-19,4.527055172821871e-19
185,2.4144294328166755e-19,1.131858110282536e-16,2.916178049323891e-17,6.247336157413148e-10,3.0831514418173e-09,1.1845794404756815e-19,-1.0,2.9576760552004276e-16,2.942585871245323e-18,4.430734863413581e-19,4.527055186531267e-19
186,3.576373608288248e-19,1.0797026652870218e-16,2.942585880237166e-17,6.247336176503522e-10,3.083151451238678e-09,1.7655515281422995e-19,-1.0,2.987856432240815e-16,2.9425858802371665e-18,4.430734876952854e-19,4.527055200364871e-19
187,3.5763736184686017e-19,1.0797026683604574e-16,2.942585888613406e-17,6.253509451395902e-10,3.0831514600150455e-09,1.7655515331680436e-19,-1.0,3.016253423447224e-16,2.7162331279508363e-18,4.435113086096385e-19,4.527055213251394e-19
188,3.485832523815366e-19,1.1502794623068138e-16,2.9425858967272574e-17,6.315242039899268e-10,3.083151468516491e-09,1.7655515380363547e-19,-1.0,3.0442388640687447e-16,2.7162331354405452e-18,4.478895063758347e-19,4.527055225734242e-19
189,3.4858325329489612e-19,1.1502794653207811e-16,2.942585904437435e-17,6.315242056446495e-10,3.083151476594979e-09,1.765551542662461e-19,-1.0,3.0708524695026566e-16,2.263527618798027e-18,4.478895075493967e-19,4.527055237596053e-19
190,3.4858325422419555e-19,1.1114222441610585e-16,2.94258591228217e-17,6.315242073282504e-10,3.0831514848144526e-09,1.765551547369302e-19,-1.0,3.097511803048479e-16,2.2635276248324384e-18,4.4788950874344e-19,4.527055249664877e-19
191,3.485832550006991e-19,1.0803364671865818e-16,2.94258591883707e-17,6.315242087350328e-10,3.083151491682476e-09,1.7655515513022424e-19,-1.0,3.1191410739672945e-16,1.8108221038997355e-18,4.4788950974115795e-19,4.527055259749339e-19
192,3.4858325567700887e-19,1.080336469282615e-16,2.9425859245461784e-17,6.315242099602952e-10,3.0831514976643047e-09,1.7655515547277072e-19,-1.0,3.139189467636736e-16,1.8108221074130327e-18,4.478895106101384e-19,4.527055268532582e-19
193,3.485832564334735e-19,1.1108790045717135e-16,2.942585930931919e-17,6.292606836915951e-10,3.083151504355089e-09,1.7655515585591515e-19,-1.0,3.1608905965771246e-16,2.2635276391783994e-18,4.462841728309185e-19,4.527055278356799e-19
194,3.48583257330893e-19,1.1719640734782027e-16,2.942585938507539e-17,6.247336300216006e-10,3.0831515122925914e-09,1.7655515631045234e-19,-1.0,3.186635373687255e-16,2.7162331740069588e-18,4.430734964692204e-19,4.527055290011598e-19
195,3.485832583446742e-19,1.171964076886614e-16,2.9425859470654313e-17,6.24733631838507e-10,3.0831515212592896e-09,1.7655515682392587e-19,-1.0,3.215341029081881e-16,2.9425859470654318e-18,4.430734977578065e-19,4.527055303177587e-19
196,1.0789481838062599e-19,1.1269387427090557e-16,2.8595899416963114e-17,6.309583347608287e-10,3.083151530448042e-09,4.0743497850026595e-20,-1.0,3.245521407442397e-16,2.9425859558352547e-18,4.474881806814388e-19,4.527055316669622e-19
197,8.60140512622551e-20,1.1228455333987964e-16,2.852044857643195e-17,6.31524218478136e-10,3.083151539249083e-09,4.0743497966331356e-20,-1.0,3.2740670155907504e-16,2.2635276647961866e-18,4.478895166511603e-19,4.527055329592374e-19
198,2.3188583474619597e-19,1.1200538523775478e-16,2.9023454804458806e-17,6.277516741068386e-10,3.0831515477787257e-09,1.1619442044766003e-19,-1.0,3.301732362850392e-16,2.2635276710583124e-18,4.452139532672615e-19,4.527055342116625e-19
199,3.485832621846098e-19,1.1178205077743355e-16,2.942585979480472e-17,6.247336387204695e-10,3.0831515552227776e-09,1.7655515876882837e-19,-1.0,3.3258766660384417e-16,2.2635276765234406e-18,4.430735026386309e-19,4.527055353046881e-19
200,3.485832630420201e-19,1.117820510523839e-16,2.942585986718352e-17,6.24733640257127e-10,3.0831515628064062e-09,1.765551592031011e-19,-1.0,3.350020969494739e-16,2.4898804503001437e-18,4.430735037284589e-19,4.527055364182079e-19
201,3.381362131636246e-19,1.1116149654872633e-16,2.904280141899721e-17,6.247336420345442e-10,3.083151571578219e-09,1.7655515970541465e-19,-1.0,3.378576251404207e-16,3.1689387639433404e-18,4.430735049890385e-19,4.527055377061915e-19
202,3.3500209894376745e-19,1.110486687444678e-16,2.897315450324475e-17,6.24733643976215e-10,3.0831515811606474e-09,1.765551602541477e-19,-1.0,3.4096272187542453e-16,2.942586004235795e-18,4.4307350636611e-19,4.5270553911319925e-19
203,3.350020995883109e-19,1.1104866895812524e-16,2.8973154558989053e-17,6.247336451782015e-10,3.083151587092626e-09,1.7655516059383956e-19,-1.0,3.429244465380345e-16,1.1317638499605098e-18,4.430735072185827e-19,4.52705539984204e-19
204,1.048767835562827e-19,1.1158437064847954e-16,2.8595899976856945e-17,6.247336459323893e-10,3.0831515908146524e-09,2.263527702653584e-20,-1.0,3.4413166172676656e-16,1.5844693918575089e-18,4.430735077534676e-19,4.527055405307168e-19
205,5.885172036351063e-20,1.1169151113911803e-16,2.8520449099239765e-17,6.247336469357282e-10,3.0831515957662764e-09,2.2635277062888703e-20,-1.0,3.4573768908058e-16,1.8108221650310962e-18,4.430735084650556e-19,4.5270554125777405e-19
206,5.885172048361333e-20,1.1169151136705446e-16,2.8520449157443384e-17,6.247336482106646e-10,3.0831516020582733e-09,2.2635277109082052e-20,-1.0,3.477281570112982e-16,2.263527710908205e-18,4.430735093692656e-19,4.52705542181641e-19
207,1.5391988469015985e-19,1.120763113315967e-16,2.867135106973566e-17,6.269971773407982e-10,3.0831516090370724e-09,8.9032090163916e-20,-1.0,3.500419861303341e-16,2.2635277160317625e-18,4.446788491778711e-19,4.527055432063525e-19
208,3.440562136156087e-19,1.1284591101047737e-16,2.89731548307881e-17,6.315242342023344e-10,3.0831516160158716e-09,1.7202810680780436e-19,-1.0,3.5230551464381916e-16,2.2635277211553205e-18,4.47889527803074e-19,4.527055442310641e-19
209,3.440562144376551e-19,1.1284591128009775e-16,2.897315490001306e-17,6.315242357112221e-10,3.083151623382382e-09,1.7202810721882754e-19,-1.0,3.5469479475250364e-16,2.4898804992198724e-18,4.478895288732072e-19,4.527055453127041e-19
210,3.414154330688818e-19,1.1523053807041393e-16,2.8973154983083005e-17,6.315242375218874e-10,3.0831516322221935e-09,1.7504614468945982e-19,-1.0,3.5752420543577817e-16,2.9425860529693677e-18,4.47889530157367e-19,4.52705546610672e-19
211,3.395291609699067e-19,1.169338430380359e-16,2.897315506943204e-17,6.315242394040265e-10,3.0831516414109463e-09,1.7655516370435147e-19,-1.0,3.6050451802538093e-16,2.9425860617391914e-18,4.478895314922174e-19,4.527055479598756e-19
212,3.407638134518767e-19,1.1403241235657733e-16,2.897315515339628e-17,6.315242412341846e-10,3.083151650345924e-09,1.7490896221865652e-19,-1.0,3.633579358655338e-16,2.716233295630901e-18,4.478895327902018e-19,4.527055492718169e-19
213,3.4405621842359667e-19,1.0629526327086912e-16,2.89731552356713e-17,6.315242430275229e-10,3.0831516591011446e-09,1.7202810921179834e-19,-1.0,3.662799454509582e-16,2.7162333033441844e-18,4.47889534062073e-19,4.527055505573641e-19
214,3.44056219343974e-19,1.0629526355521725e-16,2.897315531317676e-17,6.315242447168997e-10,3.0831516673488165e-09,1.72028109671987e-19,-1.0,3.689550246912353e-16,2.4898805347261278e-18,4.478895352602124e-19,4.527055517683869e-19
215,3.4066092863102573e-19,1.1531919453370098e-16,2.897315539187461e-17,6.371830658447425e-10,3.0831516757233762e-09,1.758006564142392e-19,-1.0,3.7163353354864167e-16,2.942586094487265e-18,4.519028835778315e-19,4.527055529980408e-19
216,3.3952916572666437e-19,1.1712398100907019e-16,2.897315547534203e-17,6.38314831566129e-10,3.0831516846054845e-09,1.7655516617786548e-19,-1.0,3.7446980350871746e-16,2.716233325813315e-18,4.527055543022192e-19,4.527055543022192e-19
217,3.42471753145345e-19,1.1440797447556928e-16,2.897315558665179e-17,6.294870756756143e-10,3.083151696450411e-09,1.7338622796386934e-19,-1.0,3.7832603318382664e-16,4.75340833843506e-18,4.464447345217123e-19,4.527055560414343e-19
218,3.440562240834115e-19,1.129455096665399e-16,2.897315571228729e-17,6.247336700461947e-10,3.0831517098197967e-09,1.723514731545661e-19,-1.0,3.8269787707022333e-16,3.395291685033667e-18,4.430735248554573e-19,4.527055580044889e-19
219,3.5311033629397713e-19,1.0664837567196813e-16,2.942586135783143e-17,6.1794308851446e-10,3.0831517189919335e-09,1.7655516814698857e-19,-1.0,3.856598660113322e-16,2.48988057643189e-18,4.382575095847234e-19,4.527055593512527e-19
220,3.5311033719497815e-19,1.0664837594409354e-16,2.9425861432914846e-17,6.179430900912117e-10,3.083151726858944e-09,1.7655516859748908e-19,-1.0,3.881744406087452e-16,2.7162333630382932e-18,4.382575107029871e-19,4.527055605063823e-19
221,3.4745151867649756e-19,1.119676665983819e-16,2.9199508735679593e-17,6.213383835615542e-10,3.083151735624739e-09,1.7429164129049062e-19,-1.0,3.9106215446260295e-16,2.942586151657634e-18,4.406655202564215e-19,4.527055617934821e-19
222,3.3952917217037043e-19,1.1728695723453276e-16,2.8973156025204943e-17,6.247336767934816e-10,3.083151743118641e-09,1.7202811389965434e-19,-1.0,3.93530478601277e-16,1.810822251575309e-18,4.430735296407672e-19,4.527055628938272e-19
223,3.3952917285656126e-19,1.1728695747157052e-16,2.8973156083759894e-17,6.247336780560728e-10,3.083151749349712e-09,1.7202811424732437e-19,-1.0,3.953817217914656e-16,2.0371750371393678e-18,4.430735305362218e-19,4.527055638087483e-19
224,3.4196681909626014e-19,1.132575300154114e-16,2.9216920694680475e-17,6.247336796931677e-10,3.0831517574290147e-09,1.7481399509808818e-19,-1.0,3.981023091556462e-16,3.1689389549653438e-18,4.430735316972822e-19,4.527055649950491e-19
225,3.4405623053616703e-19,1.0980373515335178e-16,2.942586182217218e-17,6.247336817630403e-10,3.083151767644137e-09,1.765551709330331e-19,-1.0,4.0142049303345657e-16,3.395291748712175e-18,4.430735331652768e-19,4.527055664949567e-19
226,3.4556525008689886e-19,1.117156619844249e-16,2.942586190696301e-17,6.224701557242175e-10,3.0831517765282602e-09,1.7655517144177806e-19,-1.0,4.0436667328218054e-16,2.2635278389971548e-18,4.414681955490905e-19,4.527055677994309e-19
227,3.4858328795952185e-19,1.1553951526367426e-16,2.942586197060899e-17,6.179431013827887e-10,3.083151783196891e-09,1.7655517182365393e-19,-1.0,4.06416424370988e-16,2.0371750595036992e-18,4.382575187111977e-19,4.527055687785998e-19
228,3.4858328891762717e-19,1.1553951558124261e-16,2.9425862051488015e-17,6.179431030812483e-10,3.0831517916711484e-09,1.7655517230892809e-19,-1.0,4.0921349918855037e-16,3.395291775171694e-18,4.382575199157791e-19,4.527055700228926e-19
229,3.3677357993550837e-19,1.1621326009803764e-16,2.9012522315893594e-17,6.303433020125457e-10,3.083151805771792e-09,1.7655517311639454e-19,-1.0,4.138319414461756e-16,5.4324668651198314e-18,4.4705198724294025e-19,4.5270557209331935e-19
230,3.3500212461176837e-19,1.1637023127307856e-16,2.902974491990493e-17,6.323730984014378e-10,3.083151817393011e-09,1.7598929181462833e-19,-1.0,4.1762089183021125e-16,2.0371750820985915e-18,4.484915591499559e-19,4.52705573799687e-19
231,3.350021252752692e-19,1.170198640032491e-16,2.942586235526013e-17,6.383148603217967e-10,3.083151823499461e-09,1.720281183845977e-19,-1.0,4.196014795466421e-16,2.037175086133394e-18,4.527055746963098e-19,4.527055746963098e-19
232,3.350021259577272e-19,1.1701986424163907e-16,2.942586241520577e-17,6.383148616221559e-10,3.083151829780381e-09,1.720281187350491e-19,-1.0,4.2163865549172725e-16,2.0371750902834763e-18,4.527055756185503e-19,4.527055756185503e-19
233,3.3500212670463956e-19,1.170198645025436e-16,2.9425862480812934e-17,6.383148630453267e-10,3.0831518366545e-09,1.557307183599946e-19,-1.0,4.2386823139669465e-16,2.4898806714534023e-18,4.527055766278914e-19,4.527055766278914e-19
234,1.3581167329099892e-20,3.490812709156309e-17,2.7162334658199782e-17,6.383148644676949e-10,3.0831518435247406e-09,9.05411155273326e-21,-1.0,4.260965497955747e-16,2.263527888183315e-18,4.52705577636663e-19,4.52705577636663e-19
235,1.3581167360934268e-20,3.490812717338804e-17,2.716233472186853e-17,6.383148659639105e-10,3.0831518507516754e-09,9.054111573956176e-21,-1.0,4.284405596796063e-16,2.4898806828379486e-18,4.527055786978088e-19,4.527055786978088e-19
236,7.366754436576992e-20,4.8961754668442917e-17,2.749157521582922e-17,6.383148676609449e-10,3.083151858948594e-09,5.350156853379938e-20,-1.0,4.310580221715498e-16,2.7162334794082764e-18,4.527055799013794e-19,4.527055799013794e-19
237,3.4405624159980015e-19,1.1220307826382958e-16,2.8973157187351593e-17,6.383148692838398e-10,3.0831518667874074e-09,1.7202812079990008e-19,-1.0,4.3364164602805224e-16,2.2635279052618433e-18,4.527055810523686e-19,4.527055810523686e-19
238,3.440562424666856e-19,1.122030785465369e-16,2.8973157260352473e-17,6.383148708921405e-10,3.083151874555729e-09,1.720281212333428e-19,-1.0,4.3612009586357265e-16,2.716233493158044e-18,4.527055821930074e-19,4.527055821930074e-19
239,3.4235859737356535e-19,1.122930540565503e-16,2.880339273770988e-17,6.34919580583703e-10,3.083151882121383e-09,1.7429164957199692e-19,-1.0,4.385019456277286e-16,2.0371751248674963e-18,4.5029757488205895e-19,4.527055833038881e-19
240,3.395291883602519e-19,1.1244301307322586e-16,2.852045182226116e-17,6.315242903500686e-10,3.0831518901335822e-09,1.7655517794733098e-19,-1.0,4.4110935681633956e-16,3.1689390913623513e-18,4.478895676241621e-19,4.527055844803359e-19
241,3.3855910610770697e-19,1.128029143936419e-16,2.852045191852889e-17,6.300691673838272e-10,3.0831519005404317e-09,1.7526173401182156e-19,-1.0,4.445245493469577e-16,3.3952918950629637e-18,4.468575655204448e-19,4.527055860083952e-19
242,3.3500213464642864e-19,1.1412255151759215e-16,2.852045200368244e-17,6.247337105568534e-10,3.0831519097458013e-09,1.7202812319681472e-19,-1.0,4.475749240366249e-16,2.2635279368001934e-18,4.430735535864209e-19,4.527055873600387e-19
243,3.350021353794391e-19,1.141225517673011e-16,2.8520452066087384e-17,6.247337119238189e-10,3.083151916491975e-09,1.7202812357322547e-19,-1.0,4.496498256292269e-16,2.03717514757767e-18,4.430735545559e-19,4.527055883505934e-19
244,3.3709154663826756e-19,1.125074378061414e-16,2.852045213809309e-17,6.247337135010868e-10,3.0831519242760224e-09,1.7202812400754562e-19,-1.0,4.522528839040476e-16,3.1689391264547883e-18,4.430735556745298e-19,4.527055894935412e-19
245,3.395291930647299e-19,1.1062313815639653e-16,2.852045221743731e-17,6.247337152391029e-10,3.0831519328533853e-09,1.720281244861298e-19,-1.0,4.54969118706738e-16,2.263527953764866e-18,4.430735569071653e-19,4.527055907529732e-19
246,3.3952919375519037e-19,1.1062313838135779e-16,2.8520452275435993e-17,6.247337165095503e-10,3.0831519391232283e-09,1.720281248359631e-19,-1.0,4.571033031355592e-16,1.8108223666943486e-18,4.430735578081918e-19,4.527055916735872e-19
247,3.3952919466645197e-19,1.1186484544732478e-16,2.8520452351981965e-17,6.247337181862716e-10,3.083151947398092e-09,1.7558509781322226e-19,-1.0,4.59722529578376e-16,3.3952919466645195e-18,4.430735589973559e-19,4.527055928886026e-19
248,3.395291955667344e-19,1.1236152845288465e-16,2.852045242760569e-17,6.247337198427913e-10,3.0831519555732583e-09,1.765551816947019e-19,-1.0,4.624387643618923e-16,2.0371751734004066e-18,4.430735601721925e-19,4.527055940889792e-19
249,3.391176458291469e-19,1.1169399374118785e-16,2.8520452495096944e-17,6.259683729443355e-10,3.083151962869278e-09,1.7573208103039532e-19,-1.0,4.647228709590688e-16,2.7162335709616134e-18,4.439492006697416e-19,4.52705595160269e-19
250,3.3500214123509757e-19,1.0501864422124044e-16,2.852045256460966e-17,6.3831489073174e-10,3.0831519703838246e-09,1.7202812658018524e-19,-1.0,4.672424759658891e-16,2.2635279813182266e-18,4.527055962636454e-19,4.527055962636454e-19
251,3.3500214214082896e-19,1.0501864450517499e-16,2.852045264171922e-17,6.383148924575254e-10,3.0831519787196143e-09,1.720281270452905e-19,-1.0,4.699084101921357e-16,2.9425863836694434e-18,4.527055974876066e-19,4.527055974876066e-19
252,3.417927273764542e-19,1.0367071397486947e-16,2.8520452747969025e-17,6.332219568447885e-10,3.0831519902055577e-09,1.7542341967996822e-19,-1.0,4.735866449360174e-16,3.8479975929799476e-18,4.490935864147436e-19,4.527055991741115e-19
253,3.4405625668095487e-19,1.0322140406029546e-16,2.8520452856447574e-17,6.315243132499106e-10,3.0831520019324352e-09,1.7655518434943737e-19,-1.0,4.774427283735243e-16,3.3952920067199498e-18,4.478895838651848e-19,4.527056008959933e-19
254,1.0366958291895506e-19,1.0305435600547532e-16,2.7705582858690174e-17,6.315243151613201e-10,3.0831520112640884e-09,3.621644818129434e-20,-1.0,4.804111851248695e-16,2.4898808124639862e-18,4.478895852207944e-19,4.527056022661793e-19
255,7.695995256990354e-20,1.0303579532300028e-16,2.7615041804494803e-17,6.315243166765615e-10,3.0831520186616176e-09,3.6216448268189897e-20,-1.0,4.829010670959772e-16,2.489880818438056e-18,4.478895862954336e-19,4.527056033523739e-19
256,2.456523573562438e-19,1.091439856918707e-16,2.854427973935791e-17,6.31524319275193e-10,3.0831520313483443e-09,1.2914023054033376e-19,-1.0,4.870159247683436e-16,4.527056052151921e-18,4.478895881384347e-19,4.527056052151921e-19
257,3.4405626137418e-19,1.1196315074087134e-16,2.897315885256253e-17,6.315243218644489e-10,3.0831520439892973e-09,1.7202813068709e-19,-1.0,4.910114661311679e-16,3.1689392494990266e-18,4.478895899747865e-19,4.527056070712895e-19
258,3.3198411274374905e-19,1.1556065160871047e-16,2.857075394521962e-17,6.315243235602682e-10,3.083152052268422e-09,1.7605218100047303e-19,-1.0,4.938012173947553e-16,2.263528041434653e-18,4.478895911774951e-19,4.527056082869306e-19
259,3.304750949304838e-19,1.1601033948888464e-16,2.8520453398110244e-17,6.315243252438697e-10,3.083152060487899e-09,1.765551877025872e-19,-1.0,4.963917008099664e-16,2.9425864617097872e-18,4.478895923715388e-19,4.527056094938134e-19
260,3.3228591824595395e-19,1.1467485824370928e-16,2.861099459556443e-17,6.315243269115882e-10,3.0831520686298336e-09,1.7383895450469526e-19,-1.0,4.991079357849648e-16,2.489880858791208e-18,4.478895935543179e-19,4.527056106893106e-19
261,3.395292088777409e-19,1.0933293231475098e-16,2.897315915756723e-17,6.315243285125981e-10,3.0831520764460915e-09,1.6750107637968553e-19,-1.0,5.015978179153826e-16,2.4898808651034338e-18,4.478895946897859e-19,4.527056118369879e-19
262,3.3952920974269084e-19,1.0933293259327638e-16,2.897315923137629e-17,6.315243301214051e-10,3.0831520843004146e-09,1.6750107680639418e-19,-1.0,5.041905877039643e-16,2.7162336779415267e-18,4.478895958307837e-19,4.527056129902545e-19
263,3.395292106649316e-19,1.129529316017759e-16,2.897315931007416e-17,6.315243318367727e-10,3.0831520926749764e-09,1.7326278507871054e-19,-1.0,5.068656677029452e-16,2.7162336853194527e-18,4.478895970473566e-19,4.527056142199088e-19
264,3.3952921185965243e-19,1.159695976027829e-16,2.8973159412023674e-17,6.315243340589535e-10,3.08315210352384e-09,1.7655519016701927e-19,-1.0,5.103689936270342e-16,3.847997734409394e-18,4.478895986233713e-19,4.527056158128699e-19
265,3.3952921283312874e-19,1.146929680950309e-16,2.8973159495093655e-17,6.315243358696194e-10,3.0831521123636555e-09,1.7655519067322697e-19,-1.0,5.132172679313204e-16,1.5844696598879341e-18,4.478895999075316e-19,4.527056171108384e-19
266,3.395292137455164e-19,1.1213970871586916e-16,2.897315957295073e-17,6.315243375666605e-10,3.083152120648745e-09,1.765551911476685e-19,-1.0,5.159451108567764e-16,3.168939328291486e-18,4.478896011111067e-19,4.527056183273552e-19
267,3.399064694503471e-19,1.122577897691371e-16,2.8973159660140575e-17,6.315243394671265e-10,3.0831521299269718e-09,1.765551916789816e-19,-1.0,5.189892675059296e-16,2.942586527983027e-18,4.47889602458955e-19,4.527056196896965e-19
268,3.440562718805351e-19,1.1355667794541239e-16,2.897315973730822e-17,6.315243411491401e-10,3.0831521381386956e-09,1.7655519214922195e-19,-1.0,5.21607416395727e-16,2.489880914924925e-18,4.478896036518724e-19,4.527056208954409e-19
269,3.4405627269912043e-19,1.1355667821558864e-16,2.897315980624172e-17,6.31524342651675e-10,3.0831521454741908e-09,1.7655519256928547e-19,-1.0,5.239313064962044e-16,2.2635281098626343e-18,4.478896047174999e-19,4.527056219725269e-19
270,3.440562735081874e-19,1.1106113873563136e-16,2.8859983468614405e-17,6.298266980503496e-10,3.0831521527243904e-09,1.748575468980755e-19,-1.0,5.263834631863749e-16,2.037175303666899e-18,4.466856014541486e-19,4.527056230370887e-19
271,3.4405627443493687e-19,1.0357451977364371e-16,2.852045432815924e-17,6.247337614739644e-10,3.0831521610291646e-09,1.7202813721746844e-19,-1.0,5.289865219437155e-16,2.4898809334107274e-18,4.430735896978471e-19,4.527056242564959e-19
272,3.440562754992709e-19,1.0372542196926925e-16,2.8550634791430735e-17,6.251864690322279e-10,3.08315217056686e-09,1.7263174525051135e-19,-1.0,5.321403727722058e-16,3.621645005255484e-18,4.43394658888105e-19,4.527056256569355e-19
273,3.4405627650649447e-19,1.0583804853217545e-16,2.897316012686269e-17,6.315243496402103e-10,3.0831521795927768e-09,1.7655519452306954e-19,-1.0,5.350980510929954e-16,2.037175321420033e-18,4.47889609673908e-19,4.5270562698222955e-19
274,3.440562775488629e-19,1.058380488528272e-16,2.8973160214641093e-17,6.31524351553505e-10,3.0831521889336344e-09,1.7655519505796914e-19,-1.0,5.380928745632622e-16,3.168939398476369e-18,4.478896110308547e-19,4.527056283537671e-19
275,3.3771839979271807e-19,1.1188619639245344e-16,2.861099580013375e-17,6.260918859428003e-10,3.0831521984355412e-09,1.765551956020912e-19,-1.0,5.412095803648718e-16,2.4898809636192347e-18,4.440367985409932e-19,4.527056297489518e-19
276,3.350021666360195e-19,1.1339823340629261e-16,2.852045472712058e-17,6.247337702131175e-10,3.083152204158159e-09,1.765551959297941e-19,-1.0,5.43065674454823e-16,1.3581168917676468e-18,4.43073595895828e-19,4.527056305892156e-19
277,3.3500216739430643e-19,1.133982336629727e-16,2.852045479167744e-17,6.247337716272201e-10,3.083152211136961e-09,1.7655519632943176e-19,-1.0,5.453292038421372e-16,2.4898809738766017e-18,4.430735968987376e-19,4.527056316139276e-19
278,3.3862381318304285e-19,1.1274633779844497e-16,2.852045485365201e-17,6.288081236781372e-10,3.0831522178366105e-09,1.7927143050866978e-19,-1.0,5.474116509370795e-16,1.358116897792953e-18,4.459632082823668e-19,4.52705632597651e-19
279,3.440562813794389e-19,1.117684938286443e-16,2.852045490382191e-17,6.315243585846281e-10,3.0831522232601368e-09,1.8108225335759943e-19,-1.0,5.492612777736043e-16,1.8108225335759946e-18,4.478896160174667e-19,4.527056333939986e-19
280,3.4405628214833074e-19,1.1176849407842285e-16,2.852045496755899e-17,6.315243599959492e-10,3.0831522301503192e-09,1.8108225376227934e-19,-1.0,5.513954627061406e-16,2.2635281720284916e-18,4.478896170184037e-19,4.527056344056983e-19
281,3.4405628311905374e-19,1.1010665316023296e-16,2.852045504802683e-17,6.31524361777737e-10,3.0831522388491487e-09,1.7820140022793097e-19,-1.0,5.543174733648966e-16,2.716233814097793e-18,4.47889618282083e-19,4.527056356829655e-19
282,3.440562840606709e-19,1.0872178576317203e-16,2.8520455126081935e-17,6.315243635060999e-10,3.083152247287155e-09,1.7655519839955487e-19,-1.0,5.570542862324416e-16,1.584469729226774e-18,4.478896195078724e-19,4.527056369219355e-19
283,3.4405628476157395e-19,1.0872178598465736e-16,2.8520455184183106e-17,6.315243647926258e-10,3.0831522535680766e-09,1.7655519875922874e-19,-1.0,5.590914627375577e-16,2.037175370298793e-18,4.47889620420302e-19,4.527056378441762e-19
284,3.4146939619747353e-19,1.132294409565266e-16,2.852045525058444e-17,6.363747838225643e-10,3.0831522607462726e-09,1.7655519917028464e-19,-1.0,5.614196644678537e-16,1.8108225555926625e-18,4.513296339167123e-19,4.527056388981656e-19
285,3.395292300431656e-19,1.150325031386245e-16,2.8520455323625907e-17,6.383149524811513e-10,3.0831522686422893e-09,1.7655519962244612e-19,-1.0,5.639354158196952e-16,2.4898810203165477e-18,4.527056400575541e-19,4.527056400575541e-19
286,3.3771840849198984e-19,1.1392609089471874e-16,2.852045540884096e-17,6.383149543883453e-10,3.0831522778543082e-09,1.7248084937727627e-19,-1.0,5.669232747379609e-16,2.489881027755957e-18,4.52705641410174e-19,4.52705641410174e-19
287,3.3047511914203544e-19,1.0950044084667881e-16,2.8520455487600316e-17,6.383149561510547e-10,3.083152286368446e-09,1.6297403135771607e-19,-1.0,5.696847807237499e-16,2.4898810346317735e-18,4.5270564266032245e-19,4.5270564266032245e-19
288,3.304751201144872e-19,1.0950044116889338e-16,2.852045557152423e-17,6.383149580293519e-10,3.0831522954408894e-09,1.6297403183728131e-19,-1.0,5.726314845919022e-16,2.716233863954689e-18,4.527056439924481e-19,4.527056439924481e-19
289,3.3771841136626594e-19,1.1007492494007531e-16,2.8520455651574737e-17,6.322034336099067e-10,3.0831523040946044e-09,1.7519708471681624e-19,-1.0,5.75434145693915e-16,2.489881048947001e-18,4.483712295105722e-19,4.52705645263091e-19
290,3.3952923490030043e-19,1.1013875674519213e-16,2.8520455731625235e-17,6.315243769145588e-10,3.0831523127483185e-09,1.7655520214815622e-19,-1.0,5.782409223175383e-16,2.489881055935536e-18,4.478896290174175e-19,4.527056465337339e-19
291,3.408873527195349e-19,1.0974218688200974e-16,2.8520455805220054e-17,6.294872031294998e-10,3.0831523207041537e-09,1.751970856606375e-19,-1.0,5.808213460015449e-16,2.489881062360481e-18,4.464448249145389e-19,4.527056477019056e-19
292,3.4405629304261313e-19,1.0881685678770121e-16,2.852045587063767e-17,6.247337952615871e-10,3.083152327776007e-09,1.7202814652130657e-19,-1.0,5.830848755774813e-16,1.5844697705909816e-18,4.430736136607002e-19,4.527056487402805e-19
293,3.440562937435162e-19,1.0881685700938025e-16,2.852045592873884e-17,6.247337965342794e-10,3.083152334056929e-09,1.720281468717581e-19,-1.0,5.850969018749386e-16,2.2635282483126065e-18,4.4307361456331875e-19,4.527056496625213e-19
294,3.413400606542302e-19,1.1050771287268019e-16,2.852045599630836e-17,6.267709734426812e-10,3.083152341361409e-09,1.7202814727932024e-19,-1.0,5.875213935239521e-16,2.4898810790427932e-18,4.445184208813342e-19,4.527056507350533e-19
295,3.350021825241976e-19,1.1445304295374006e-16,2.8520456079762766e-17,6.315243846233184e-10,3.083152350383097e-09,1.7202814778269602e-19,-1.0,5.904516354637177e-16,2.7162339123583587e-18,4.47889634484623e-19,4.527056520597265e-19
296,3.3778806459240256e-19,1.1374821545834184e-16,2.852045617537915e-17,6.315243867405382e-10,3.083152360719533e-09,1.741175590682488e-19,-1.0,5.938105234463556e-16,3.1689395750421274e-18,4.478896359861974e-19,4.527056535774468e-19
297,3.531104109462837e-19,1.0987166248290132e-16,2.85204562687383e-17,6.315243888077766e-10,3.0831523708119556e-09,1.8108226202373526e-19,-1.0,5.971187590232669e-16,2.9425867578856974e-18,4.4788963745232385e-19,4.527056550593381e-19
298,3.5311041180950113e-19,1.0987166275149476e-16,2.8520456338459704e-17,6.315243903516077e-10,3.083152378349062e-09,1.8108226246641084e-19,-1.0,5.99472829895053e-16,1.3581169684980811e-18,4.478896385472395e-19,4.52705656166027e-19
299,3.494887672404997e-19,1.075447558881517e-16,2.8520456393978606e-17,6.315243915809548e-10,3.0831523843508326e-09,1.7655520624843897e-19,-1.0,6.014647359530154e-16,2.4898811137600366e-18,4.478896394191168e-19,4.527056570472794e-19
300,3.4405630016197086e-19,1.040543955160908e-16,2.852045646079495e-17,6.315243930604597e-10,3.0831523915738932e-09,1.7202815008098543e-19,-1.0,6.03852759708617e-16,2.0371754614853537e-18,4.478896404684111e-19,4.527056581078564e-19
301,3.4405630092560906e-19,1.0405439574704112e-16,2.852045652409654e-17,6.315243944621376e-10,3.0831523984169967e-09,1.7202815046280453e-19,-1.0,6.060722762942491e-16,2.2635282955632173e-18,4.4788964146250895e-19,4.527056591126435e-19
302,3.42358655435823e-19,1.0628680075575778e-16,2.852045658506691e-17,6.289779264742435e-10,3.0831524050080885e-09,1.7372579705586392e-19,-1.0,6.082100543180539e-16,2.037175470361922e-18,4.460836357973357e-19,4.527056600804272e-19
303,3.395292457080848e-19,1.1000747560941948e-16,2.852045663947912e-17,6.24733812102876e-10,3.0831524108902224e-09,1.765552077682041e-19,-1.0,6.101178864781089e-16,1.8108226437764522e-18,4.430736256048767e-19,4.5270566094411305e-19
304,3.3952924662300623e-19,1.1000747590585403e-16,2.8520456716332527e-17,6.247338137863315e-10,3.08315241919832e-09,1.7655520824396321e-19,-1.0,6.127522039277241e-16,3.621645297312067e-18,4.430736267988168e-19,4.527056621640083e-19
305,3.3952924763063983e-19,1.0761115425349417e-16,2.8218653025302065e-17,6.247338156403773e-10,3.0831524283483068e-09,1.7655520876793273e-19,-1.0,6.157300029995055e-16,2.2635283175375988e-18,4.430736281137429e-19,4.527056635075198e-19
306,3.3952924845724087e-19,1.0641299352314539e-16,2.806775120579858e-17,6.247338171613232e-10,3.0831524358543963e-09,1.7655520919776526e-19,-1.0,6.181695850244832e-16,2.4898811553530996e-18,4.430736291924278e-19,4.527056646096545e-19
307,3.3952924928725774e-19,1.0641299378328375e-16,2.806775127441331e-17,6.247338186885543e-10,3.083152443391504e-09,1.7655520962937403e-19,-1.0,6.206091670675831e-16,2.2635283285817185e-18,4.430736302755704e-19,4.527056657163437e-19
308,3.3349317424762063e-19,1.0915337224446782e-16,2.806775131676807e-17,6.33787932959279e-10,3.083152448044039e-09,1.7655520989579912e-19,-1.0,6.221684875216922e-16,9.0541133279897e-19,4.494949879143823e-19,4.52705666399485e-19
309,3.3047513684065702e-19,1.1052356151818904e-16,2.80677513481106e-17,6.383149903360636e-10,3.083152451486915e-09,1.7655521009295377e-19,-1.0,6.231946210614362e-16,1.358117000715029e-18,4.527056669050096e-19,4.527056669050096e-19
310,3.304751373381035e-19,1.1052356168455423e-16,2.806775139035948e-17,6.383149912968849e-10,3.083152456127819e-09,1.7655521035871285e-19,-1.0,6.247904094777399e-16,2.0371755041389943e-18,4.527056675864432e-19,4.527056675864432e-19
311,3.3047513776822644e-19,1.1052356182840383e-16,2.806775142689046e-17,6.383149921276703e-10,3.083152460140631e-09,1.7655521058850455e-19,-1.0,6.260919390869276e-16,4.527056681756527e-19,4.527056681756527e-19,4.527056681756527e-19
312,3.3047513776822644e-19,1.1052356182840383e-16,2.806775142689046e-17,6.383149921276703e-10,3.083152460140631e-09,1.7655521058850455e-19,-1.0,6.260919390869276e-16,4.527056681756527e-19,4.527056681756527e-19,4.527056681756527e-19
313,3.304751379677037e-19,1.1052356189511669e-16,2.806775144383237e-17,6.38314992512962e-10,3.083152462001645e-09,1.7655521069507456e-19,-1.0,6.266955470227733e-16,9.054113368978184e-19,4.527056684489092e-19,4.527056684489092e-19
314,3.304751380674424e-19,1.1052356192847312e-16,2.806775145230333e-17,6.383149927056078e-10,3.083152462932152e-09,1.7655521074835963e-19,-1.0,6.269973509909695e-16,4.527056685855375e-19,4.527056685855375e-19,4.527056685855375e-19
315,3.3047513829185434e-19,1.1052356200352508e-16,2.806775147136297e-17,6.383149931390611e-10,3.083152465025793e-09,1.7655521086825096e-19,-1.0,6.276764099200768e-16,6.790585033394267e-19,4.527056688929511e-19,4.527056688929511e-19
316,3.304751384414623e-19,1.1052356205355973e-16,2.80677514840694e-17,6.3831499342803e-10,3.0831524664215535e-09,1.765552109481785e-19,-1.0,6.281291158733273e-16,6.790585036468404e-19,4.527056690978936e-19,4.527056690978936e-19
317,3.3198415751379497e-19,1.1208086961445274e-16,2.791684960911457e-17,6.383149937651602e-10,3.083152468049941e-09,1.7655521104142728e-19,-1.0,6.286572728193044e-16,9.054113386739861e-19,4.527056693369931e-19,4.527056693369931e-19
318,3.350021955874134e-19,1.1519548471509894e-16,2.761504585247597e-17,6.383149942949363e-10,3.0831524706088352e-09,1.7655521118796113e-19,-1.0,6.294872337355383e-16,6.790585045690813e-19,4.527056697127208e-19,4.527056697127208e-19
319,3.3500219587556247e-19,1.1519548481418327e-16,2.7615045876228798e-17,6.383149948439772e-10,3.0831524732607804e-09,1.7655521133982347e-19,-1.0,6.302568339161595e-16,1.3581170103063344e-18,4.527056701021115e-19,4.527056701021115e-19
320,3.350021965057832e-19,1.1519548503089404e-16,2.7615045928179424e-17,6.383149960448031e-10,3.083152479060941e-09,1.7655521167196682e-19,-1.0,6.321783191718743e-16,2.263528354768805e-18,4.527056709537611e-19,4.527056709537611e-19
321,3.3500219695232997e-19,1.151954851844458e-16,2.7615045964989363e-17,6.383149968956558e-10,3.083152483170681e-09,1.7655521190730904e-19,-1.0,6.335615873443051e-16,6.790585073358039e-19,4.527056715572027e-19,4.527056715572027e-19
322,3.35002197179816e-19,1.1519548526267027e-16,2.7615045983741594e-17,6.38314997329109e-10,3.0831524852643217e-09,1.7655521202720034e-19,-1.0,6.342406462823274e-16,9.054113437292325e-19,4.527056718646163e-19,4.527056718646163e-19
323,3.3500219740730212e-19,1.1519548534089473e-16,2.7615046002493826e-17,6.383149977625622e-10,3.0831524873579626e-09,1.7655521214709167e-19,-1.0,6.34919705221272e-16,6.790585082580449e-19,4.527056721720299e-19,4.527056721720299e-19
324,3.350021976954512e-19,1.1173500327891956e-16,2.73434226227098e-17,6.342406472585501e-10,3.0831524900099077e-09,1.7655521229895402e-19,-1.0,6.357798465452591e-16,1.3581170176842617e-18,4.498160618854966e-19,4.527056725614205e-19
325,3.350021981655892e-19,1.0942801532511648e-16,2.7162340391804524e-17,6.315244141094552e-10,3.083152494336766e-09,1.7655521254672943e-19,-1.0,6.371832350244144e-16,1.5844698561885971e-18,4.478896553967768e-19,4.52705673196742e-19
326,3.350021986205613e-19,1.0942801547373254e-16,2.716234042869416e-17,6.315244149671392e-10,3.0831524985240476e-09,1.7655521278651204e-19,-1.0,6.385413529112186e-16,1.1317641845289234e-18,4.478896560050633e-19,4.527056738115694e-19
327,3.350021988480474e-19,1.0942801554804056e-16,2.7162340447138978e-17,6.315244153959812e-10,3.0831525006176885e-09,1.7655521290640337e-19,-1.0,6.392204118560039e-16,4.527056741189829e-19,4.478896563092066e-19,4.527056741189829e-19
328,3.350021990502572e-19,1.0942801561409213e-16,2.7162340463534373e-17,6.315244157771742e-10,3.0831525024787026e-09,1.765552130129734e-19,-1.0,6.398240198076985e-16,9.054113487844791e-19,4.478896565795561e-19,4.527056743922396e-19
329,3.3500219930301957e-19,1.0942801569665662e-16,2.7162340484028616e-17,6.315244162536653e-10,3.0831525048049706e-09,1.76555213146186e-19,-1.0,6.405785297483416e-16,1.1317641868345256e-18,4.478896569174932e-19,4.527056747338103e-19
330,3.3500219968216305e-19,1.0942801582050331e-16,2.7162340514769977e-17,6.315244169684019e-10,3.0831525082943716e-09,1.7655521334600485e-19,-1.0,6.417102946614407e-16,1.1317641881154158e-18,4.478896574243986e-19,4.527056752461663e-19
331,2.915424551620919e-19,1.120971685984729e-16,2.6800176002478012e-17,6.369568857345703e-10,3.083152511504622e-09,1.4033875947243552e-19,-1.0,6.427515183837547e-16,1.3581170271526019e-18,4.517424721521776e-19,4.52705675717534e-19
332,2.8067751932606396e-19,1.1276445691762784e-16,2.6709634903609312e-17,6.383150036286293e-10,3.0831525156919037e-09,1.4033875966303198e-19,-1.0,6.441096362856835e-16,1.3581170289970837e-18,4.527056763323612e-19,4.527056763323612e-19
333,2.806775197962019e-19,1.1276445710650957e-16,2.6709634948348243e-17,6.38315004697814e-10,3.083152520856218e-09,1.4033875989810095e-19,-1.0,6.457280601601733e-16,2.037175546907917e-18,4.527056770906482e-19,4.527056770906482e-19
334,2.92447868261112e-19,1.116000984334254e-16,2.6890717298312775e-17,6.383150065761113e-10,3.0831525299286622e-09,1.530145193068976e-19,-1.0,6.487272371798352e-16,1.358117035268322e-18,4.52705678422774e-19,4.52705678422774e-19
335,3.395292592013476e-19,1.0694266253484577e-16,2.7615046415042934e-17,6.383150072985334e-10,3.0831525334180637e-09,1.7202815799534944e-19,-1.0,6.498590021113793e-16,6.790585184026952e-19,4.5270567893513e-19,4.5270567893513e-19
336,3.3952925927820095e-19,1.0694266255905254e-16,2.761504642129368e-17,6.383150074430179e-10,3.083152534115944e-09,1.720281580342885e-19,-1.0,6.500853550979955e-16,4.527056790376013e-19,4.527056790376013e-19,4.527056790376013e-19
337,3.395292595087612e-19,1.0694266263167287e-16,2.761504644004591e-17,6.383150078764711e-10,3.0831525362095852e-09,1.7202815815110568e-19,-1.0,6.505380612187864e-16,6.790585190175224e-19,4.527056793450149e-19,4.527056793450149e-19
338,3.395292595856146e-19,1.0694266265587965e-16,2.7615046446296654e-17,6.383150080209555e-10,3.0831525369074655e-09,1.7202815819004473e-19,-1.0,6.509907670454851e-16,4.527056794474861e-19,4.527056794474861e-19,4.527056794474861e-19
339,3.3952925973932144e-19,1.069426627042932e-16,2.7615046458798143e-17,6.383150083099243e-10,3.083152538303226e-09,1.7202815826792286e-19,-1.0,6.514434730198447e-16,4.527056796524286e-19,4.527056796524286e-19,4.527056796524286e-19
340,3.3952925981617486e-19,1.0694266272849998e-16,2.7615046465048888e-17,6.383150084544087e-10,3.0831525390011064e-09,1.7202815830686194e-19,-1.0,6.516698260071783e-16,6.790585196323497e-19,4.527056797548998e-19,4.527056797548998e-19
341,3.3952925989302827e-19,1.0694266275270675e-16,2.761504647129963e-17,6.383150085988932e-10,3.0831525396989867e-09,1.72028158345801e-19,-1.0,6.518961789946142e-16,4.52705679857371e-19,4.52705679857371e-19,4.52705679857371e-19
342,3.395292600467351e-19,1.0694266280112031e-16,2.761504648380112e-17,6.38315008887862e-10,3.0831525410947473e-09,1.7202815842367912e-19,-1.0,6.523488849697937e-16,4.527056800623135e-19,4.527056800623135e-19,4.527056800623135e-19
343,3.3952926020044194e-19,1.0694266284953386e-16,2.7615046496302608e-17,6.383150091768308e-10,3.0831525424905083e-09,1.7202815850155723e-19,-1.0,6.52801590945383e-16,4.527056802672559e-19,4.527056802672559e-19,4.527056802672559e-19
344,3.395292603541487e-19,1.069426628979474e-16,2.7615046508804097e-17,6.383150094657997e-10,3.083152543886269e-09,1.7202815857943536e-19,-1.0,6.532542969213822e-16,1.1317642011804958e-18,4.527056804721984e-19,4.527056804721984e-19
345,3.39529260712798e-19,1.0694266301091235e-16,2.7615046537974235e-17,6.383150101400602e-10,3.0831525471430435e-09,1.7202815876115102e-19,-1.0,6.541597089733241e-16,9.054113619007947e-19,4.527056809503973e-19,4.527056809503973e-19
346,3.434095955577226e-19,1.0807960112996427e-16,2.748570209266141e-17,6.363748437453842e-10,3.083152551064466e-09,1.75908493393033e-19,-1.0,6.555824990901381e-16,1.810822726104752e-18,4.513296764151661e-19,4.52705681526188e-19
347,3.5311043220701068e-19,1.10921946281233e-16,2.7162340939000815e-17,6.31524426831769e-10,3.0831525564481153e-09,1.810822729266721e-19,-1.0,6.573286507238197e-16,1.5844698881083809e-18,4.478896644196943e-19,4.527056823166802e-19
348,3.5311043263329076e-19,1.1092194641513964e-16,2.71623409717916e-17,6.315244275941547e-10,3.083152560170143e-09,1.8108227314527737e-19,-1.0,6.583849647773708e-16,9.054113657263868e-19,4.478896649603935e-19,4.527056828631934e-19
349,3.5311043284643097e-19,1.1092194648209298e-16,2.7162340988186998e-17,6.315244279753477e-10,3.0831525620311576e-09,1.8108227325458e-19,-1.0,6.591394746466712e-16,6.79058524704675e-19,4.478896652307431e-19,4.527056831364499e-19
350,3.5311043316614117e-19,1.1092194658252298e-16,2.716234101278009e-17,6.315244285471371e-10,3.083152564822679e-09,1.8108227341853394e-19,-1.0,6.599543454738469e-16,1.3581170506390046e-18,4.478896656362674e-19,4.527056835463348e-19
351,3.531104336057427e-19,1.1092194672061421e-16,2.7162341046595594e-17,6.315244293333475e-10,3.083152568661021e-09,1.8108227364397064e-19,-1.0,6.612898280635752e-16,1.1317642102748163e-18,4.478896661938635e-19,4.527056841099265e-19
352,3.503941999848908e-19,1.1035606476785122e-16,2.716234108410006e-17,6.342406643137365e-10,3.0831525729180915e-09,1.7927145115506044e-19,-1.0,6.625800401781475e-16,1.3581170542050031e-18,4.498160739813734e-19,4.52705684735001e-19
353,3.3952926388940576e-19,1.0809253645183122e-16,2.716234111115246e-17,6.383150161120828e-10,3.0831525759887646e-09,1.76555217222491e-19,-1.0,6.636665344824918e-16,1.1317642129646859e-18,4.527056851858743e-19,4.527056851858743e-19
354,3.395292643944425e-19,1.0809253661261472e-16,2.71623411515554e-17,6.383150170615519e-10,3.0831525805748355e-09,1.7655521748511014e-19,-1.0,6.651539970089221e-16,1.8108227434370267e-18,4.527056858592567e-19,4.527056858592567e-19
355,3.395292649397357e-19,1.0809253678621426e-16,2.7162341195178855e-17,6.383150180867031e-10,3.0831525855264623e-09,1.7655521776866259e-19,-1.0,6.666845744461121e-16,1.5844699030520999e-18,4.527056865863142e-19,4.527056865863142e-19
356,3.3952926532400285e-19,1.0809253690854955e-16,2.7162341225920228e-17,6.383150188091253e-10,3.0831525890158646e-09,1.7655521796848145e-19,-1.0,6.678917903662384e-16,9.054113741973408e-19,4.527056870986704e-19,4.527056870986704e-19
357,3.3952926565703427e-19,1.0809253701457344e-16,2.7162341252562742e-17,6.383150194352244e-10,3.0831525920400125e-09,1.7655521814165782e-19,-1.0,6.686463005005862e-16,6.7905853131406855e-19,4.527056875427123e-19,4.527056875427123e-19
358,3.395292657338877e-19,1.0809253703904049e-16,2.7162341258711016e-17,6.383150195797089e-10,3.083152592737893e-09,1.7655521818162162e-19,-1.0,6.690990063395813e-16,4.527056876451836e-19,4.527056876451836e-19,4.527056876451836e-19
359,3.395292658875945e-19,1.0763983140012447e-16,2.6935988427082498e-17,6.349197272098018e-10,3.0831525941336538e-09,1.788187467007998e-19,-1.0,6.695517123303364e-16,6.79058531775189e-19,4.502976788721999e-19,4.52705687850126e-19
360,3.3952926611815477e-19,1.0718712578506068e-16,2.6709635601294842e-17,6.315244349797679e-10,3.0831525962272946e-09,1.810822752630159e-19,-1.0,6.702307713172375e-16,6.790585322363095e-19,4.47889670198417e-19,4.527056881575397e-19
361,3.39529266348715e-19,1.0718712585784701e-16,2.670963561943225e-17,6.3152443540861e-10,3.083152598320936e-09,1.8108227538598135e-19,-1.0,6.709098303050609e-16,1.1317642211623834e-18,4.478896705025602e-19,4.527056884649533e-19
362,3.395292666561287e-19,1.0718712595489545e-16,2.6709635643615455e-17,6.315244359803993e-10,3.0831526011124575e-09,1.810822755499353e-19,-1.0,6.718152422902599e-16,1.1317642221870956e-18,4.478896709080846e-19,4.527056888748382e-19
363,3.3952926704039576e-19,1.07187126076206e-16,2.6709635673844466e-17,6.315244366951361e-10,3.0831526046018593e-09,1.8108227575487775e-19,-1.0,6.729470072740644e-16,1.1317642234679857e-18,4.478896714149901e-19,4.527056893871943e-19
364,3.3952926763985234e-19,1.0718712626545048e-16,2.6709635721001717e-17,6.315244378101254e-10,3.0831526100453257e-09,1.8108227607458792e-19,-1.0,6.747125606539146e-16,2.489881296025584e-18,4.478896722057626e-19,4.527056901864698e-19
365,3.3629565631090753e-19,1.0666328134558012e-16,2.7032996988069102e-17,6.315244392069253e-10,3.083152616864614e-09,1.7720194197920896e-19,-1.0,6.768596805672995e-16,1.8108227647510403e-18,4.478896731964009e-19,4.527056911877601e-19
366,3.350022121938988e-19,1.0645374350999366e-16,2.716234152923504e-17,6.315244405547146e-10,3.083152623444629e-09,1.7655521994002775e-19,-1.0,6.790132676616606e-16,2.4898813068465452e-18,4.478896741522799e-19,4.527056921539173e-19
367,3.350022128763572e-19,1.0645374372685863e-16,2.7162341584569497e-17,6.315244418412408e-10,3.083152629725552e-09,1.7655522029970176e-19,-1.0,6.810202642842341e-16,1.584469925766554e-18,4.478896750647098e-19,4.527056930761583e-19
368,3.3839750618720627e-19,1.0742479763303426e-16,2.7332106268966658e-17,6.340709125129843e-10,3.0831526353085953e-09,1.7655522061941196e-19,-1.0,6.829065392420075e-16,2.0371756225316766e-18,4.496956826333223e-19,4.5270569389592805e-19
369,3.485833849649029e-19,1.0904322069674822e-16,2.7615047380336457e-17,6.383150296110559e-10,3.0831526411907296e-09,1.7655522095624952e-19,-1.0,6.848143716870791e-16,1.8108227790384565e-18,4.527056947596141e-19,4.527056947596141e-19
370,3.485833855623101e-19,1.0904322088362808e-16,2.7615047427663526e-17,6.383150307050094e-10,3.0831526464746816e-09,1.7655522125883242e-19,-1.0,6.863772853810249e-16,1.5844699343741368e-18,4.527056955354677e-19,4.527056955354677e-19
371,3.4858338608832903e-19,1.0904322104817636e-16,2.7615047469335156e-17,6.383150316682388e-10,3.0831526511272173e-09,1.765552215252576e-19,-1.0,6.880372073029161e-16,1.584469936765132e-18,4.527056962186091e-19,4.527056962186091e-19
372,3.485833865880471e-19,1.0904322120449726e-16,2.7343424090802654e-17,6.38315032583307e-10,3.0831526555471266e-09,1.6025781669112813e-19,-1.0,6.893802351899715e-16,1.3581170906027809e-18,4.527056968675937e-19,4.527056968675937e-19
373,1.8108227897657298e-19,3.3799007370977345e-17,2.625693045160308e-17,6.383150333924197e-10,3.083152659455257e-09,9.506819646270081e-20,-1.0,6.907383531561376e-16,1.3581170923242972e-18,4.527056974414324e-19,4.527056974414324e-19
374,1.8108227917331772e-19,3.379900740769975e-17,2.625693048013107e-17,6.38315034085945e-10,3.0831526628050823e-09,9.506819656599181e-20,-1.0,6.918248475816604e-16,1.358117093799883e-18,4.527056979332943e-19,4.527056979332943e-19
375,1.810822794028533e-19,3.3799007450542565e-17,2.6256930513413725e-17,6.383150348950578e-10,3.083152666713213e-09,9.506819668649798e-20,-1.0,6.930924244144209e-16,1.3581170955213997e-18,4.527056985071332e-19,4.527056985071332e-19
376,1.810822795941329e-19,3.37990074862449e-17,2.6256930541149267e-17,6.383150355693184e-10,3.0831526699699876e-09,9.506819678691976e-20,-1.0,6.94148738444176e-16,9.054113979706643e-19,4.527056989853322e-19,4.527056989853322e-19
377,1.810822797580869e-19,3.379900751684691e-17,2.6256930564922595e-17,6.383150361472561e-10,3.0831526727615095e-09,9.50681968729956e-20,-1.0,6.950541504714567e-16,9.054113987904343e-19,4.527056993952171e-19,4.527056993952171e-19
378,1.8108227992204083e-19,3.379900754744891e-17,2.6256930588695914e-17,6.383150367251938e-10,3.0831526755530307e-09,9.506819695907141e-20,-1.0,6.958086606004418e-16,9.05411399610204e-19,4.52705699805102e-19,4.52705699805102e-19
379,2.707180087367325e-19,7.689749565223891e-17,2.7071800873673253e-17,6.383150373223961e-10,3.0831526784376035e-09,1.5663617227911279e-19,-1.0,6.968951549319835e-16,1.3581171006859492e-18,4.5270570022864975e-19,4.5270570022864975e-19
380,3.304751616306991e-19,1.0562982118259044e-16,2.761504775270225e-17,6.383150382181996e-10,3.0831526827644616e-09,1.720281663283091e-19,-1.0,6.982985435826758e-16,1.5844699530238996e-18,4.527057008639714e-19,4.527057008639714e-19
381,3.3047516212440535e-19,1.0562982134039384e-16,2.761504779395716e-17,6.383150391717966e-10,3.0831526873704717e-09,1.720281665853069e-19,-1.0,6.997019323006588e-16,1.358117104620844e-18,4.527057015402813e-19,4.527057015402813e-19
382,3.304751626031509e-19,1.0562982149341536e-16,2.761504783396193e-17,6.383150400964971e-10,3.0831526918369066e-09,1.720281668345169e-19,-1.0,7.012411327017546e-16,1.810822808784389e-18,4.527057021960973e-19,4.527057021960973e-19
383,3.304751631417397e-19,1.0562982166556458e-16,2.7615047878967294e-17,6.38315041136785e-10,3.0831526968616454e-09,1.7383898992661378e-19,-1.0,7.028708743751576e-16,1.3581171088016702e-18,4.5270570293389e-19,4.5270570293389e-19
384,3.531104486720865e-19,3.3758264304458323e-17,2.6256930798693614e-17,6.383150418303104e-10,3.0831527002114717e-09,1.8108228137030083e-19,-1.0,7.039573688270444e-16,9.05411406851504e-19,4.52705703425752e-19,4.52705703425752e-19
385,3.5311044899179675e-19,3.375826433502344e-17,2.625693082246694e-17,6.38315042408248e-10,3.0831527030029933e-09,1.810822815342548e-19,-1.0,7.048627808720867e-16,9.054114076712738e-19,4.527057038356369e-19,4.527057038356369e-19
386,3.53110449311507e-19,3.375826436558856e-17,2.6256930846240264e-17,6.383150429861858e-10,3.083152705794515e-09,1.8108228169820875e-19,-1.0,7.056172910173534e-16,9.054114084910436e-19,4.527057042455218e-19,4.527057042455218e-19
387,3.531104495779322e-19,3.375826439105949e-17,2.625693086605137e-17,6.383150434678005e-10,3.0831527081207833e-09,1.8108228183483706e-19,-1.0,7.065227029589225e-16,9.054114091741852e-19,4.527057045870926e-19,4.527057045870926e-19
388,3.5311044979107236e-19,3.375826441143624e-17,2.6256930881900253e-17,6.383150438530923e-10,3.0831527099817974e-09,1.8108228194413968e-19,-1.0,7.071263109918654e-16,6.790585572905238e-19,4.527057048603492e-19,4.527057048603492e-19
389,3.53110450030855e-19,3.3758264434360073e-17,2.6256930899730247e-17,6.383150442865456e-10,3.0831527120754387e-09,1.8108228206710515e-19,-1.0,7.078053700297973e-16,6.790585577516443e-19,4.527057051677629e-19,4.527057051677629e-19
390,3.5311045021735264e-19,3.375826445218973e-17,2.6256930913598018e-17,6.38315044623676e-10,3.0831527137038264e-09,1.81082282162745e-19,-1.0,7.083335270599374e-16,9.054114108137249e-19,4.527057054068624e-19,4.527057054068624e-19
391,3.5311045043049285e-19,3.375826447256647e-17,2.6256930929446903e-17,6.383150450089678e-10,3.083152715564841e-09,1.8108228227204762e-19,-1.0,7.089371350950664e-16,4.52705705680119e-19,4.52705705680119e-19,4.52705705680119e-19
392,3.5311045059034792e-19,3.375826448784903e-17,2.6256930941333563e-17,6.383150452979367e-10,3.0831527169606015e-09,1.8108228235402458e-19,-1.0,7.093898411218913e-16,4.527057058850614e-19,4.527057058850614e-19,4.527057058850614e-19
393,3.5311045059034792e-19,3.375826448784903e-17,2.6256930941333563e-17,6.383150452979367e-10,3.0831527169606015e-09,1.8108228235402458e-19,-1.0,7.093898411218913e-16,4.527057058850614e-19,4.527057058850614e-19,4.527057058850614e-19
394,3.5311045075020305e-19,3.3758264503131586e-17,2.6256930953220227e-17,6.383150455869055e-10,3.0831527183563625e-09,1.8108228243600158e-19,-1.0,7.098425471491262e-16,4.5270570609000395e-19,4.5270570609000395e-19,4.5270570609000395e-19
395,3.5311045083013063e-19,3.375826451077287e-17,2.6256930959163558e-17,6.3831504573139e-10,3.083152719054243e-09,1.7429169688410292e-19,-1.0,7.100689001628972e-16,6.790585592887127e-19,4.527057061924752e-19,4.527057061924752e-19
396,3.168939948209017e-19,3.29977189749936e-17,2.5351519585672132e-17,6.383150467106733e-10,3.0831527237843213e-09,1.6750111154819086e-19,-1.0,7.115527699581705e-16,2.2635285344350118e-18,4.527057068870023e-19,4.527057068870023e-19
397,3.168939953748156e-19,3.2997719032671867e-17,2.5351519629985247e-17,6.383150478264143e-10,3.0831527291735093e-09,1.6750111184097395e-19,-1.0,7.132378424471742e-16,1.1317642691957699e-18,4.52705707678308e-19,4.52705707678308e-19
398,3.1689399569759997e-19,3.2997719066282943e-17,2.5351519655807996e-17,6.383150484765942e-10,3.0831527323139708e-09,1.6750111201158855e-19,-1.0,7.143696074440182e-16,1.1317642703485713e-18,4.527057081394285e-19,4.527057081394285e-19
399,3.168939962535064e-19,3.299771912416869e-17,2.535151970028051e-17,6.383150495963486e-10,3.083152737722544e-09,1.6127640880758807e-19,-1.0,7.160106668920743e-16,2.037175690201112e-18,4.527057089335805e-19,4.527057089335805e-19
400,2.3993402622940437e-19,3.340515433107122e-17,2.6256931172274436e-17,6.383150509121889e-10,3.0831527440782406e-09,1.1770348456536818e-19,-1.0,7.181206003372792e-16,1.8108228394672025e-18,4.527057098668006e-19,4.527057098668006e-19
401,2.399340267395281e-19,3.340515440209392e-17,2.62569312280993e-17,6.383150522693106e-10,3.0831527506333318e-09,1.1770348481561754e-19,-1.0,7.201981977155599e-16,2.037175698731842e-18,4.527057108292983e-19,4.527057108292983e-19
402,2.3993402722831586e-19,3.340515447014609e-17,2.625693128158928e-17,6.383150535696704e-10,3.0831527569142556e-09,1.1770348505540023e-19,-1.0,7.22291963099581e-16,2.037175702881927e-18,4.527057117515394e-19,4.527057117515394e-19
403,3.1463047054482135e-19,9.430054018818504e-17,2.7679720738578318e-17,6.324945533254578e-10,3.08315276551314e-09,1.6814783626239163e-19,-1.0,7.250728716368477e-16,3.395292847605985e-18,4.485776973939418e-19,4.527057130141314e-19
404,3.3500222834541355e-19,1.1090837286803091e-16,2.8067754266777895e-17,6.315244710025026e-10,3.083152772093155e-09,1.7655522845231257e-19,-1.0,7.270453766523435e-16,6.790585709704329e-19,4.478896957464558e-19,4.527057139802887e-19
405,3.350022285223472e-19,1.1090837292660791e-16,2.8067754281602064e-17,6.315244713360465e-10,3.0831527737215433e-09,1.7655522854556138e-19,-1.0,7.277998865600365e-16,9.054114284387763e-19,4.478896959830118e-19,4.527057142193881e-19
406,3.350022288383002e-19,1.1090837303120969e-16,2.80677543080738e-17,6.315244719316605e-10,3.083152776629378e-09,1.7655522871207714e-19,-1.0,7.286298477233029e-16,1.131764286615879e-18,4.47889696405433e-19,4.527057146463516e-19
