GPU Util,Power Draw,GPU Temp,GPU Clock,Mem Used,Mem Util,Time,Time Delta,Iter,Resonse Time,Eval Rate
0.0,39.09000000000002,28.0,1080000000.0,490209280.0,0.028571428571428574,-2.208942132e+18,4.928571428571429,7.5,8128572456,103.98258682187355
0.7699999999999999,232.6,38.0,1410000000.0,6808403968.0,0.4,-2.208942125e+18,12.0,5.5,5280317649,102.92963695052825
0.7699999999999998,232.59999999999997,38.0,1410000000.0,6808403968.0,0.39000000000000007,-2.2089421174e+18,19.533333333333335,8.0,8734937890,102.25277952099617
0.49,62.74,41.0,1410000000.0,6808403968.0,0.25,-2.2089421123333332e+18,24.666666666666668,2.0,1361475752,104.4195258051713
0.49000000000000005,62.739999999999995,41.0,1410000000.0,6808403968.0,0.25,-2.2089421096e+18,27.4,3.0,2794903187,106.08586955892918
0.4900000000000001,62.74,41.0,1410000000.0,6808403968.0,0.25,-2.2089421058571428e+18,31.0,4.0,3919258140,103.00902183263962
0.49,62.74,41.0,1410000000.0,6808403968.0,0.25,-2.2089421035e+18,33.5,1.5,756017183,104.76016970623691
0.49,62.74,41.0,1410000000.0,6808403968.0,0.25,-2.208942102e+18,35.0,1.5,1006696010,106.9462027522452
0.49,62.74,41.0,1410000000.0,6808403968.0,0.25,-2.2089421005e+18,36.5,1.5,862559799,106.26047926763823
0.49,62.74,43.0,1410000000.0,6808403968.0,0.29,-2.208942099e+18,38.0,2.5,2222955005,105.91914272569083
0.78,221.99,49.0,1410000000.0,6808403968.0,0.41,-2.208942097e+18,40.0,1.5,742409402,105.75751644419026
0.7799999999999999,221.99,49.0,1410000000.0,6808403968.0,0.41,-2.2089420956666668e+18,41.333333333333336,2.0,1566610263,104.56141133888354
0.78,221.99,49.0,1410000000.0,6808403968.0,0.41,-2.208942094e+18,42.5,1.5,1108569530,104.6204800977453
0.7799999999999999,221.99,49.0,1410000000.0,6808403968.0,0.41,-2.2089420926666668e+18,44.333333333333336,2.0,1134151538,105.59168302462624
0.78,221.99,49.0,1410000000.0,6808403968.0,0.41,-2.208942091e+18,46.0,1.5,1020455215,105.46065042730451
0.7800000000000001,221.99,49.0,1410000000.0,6808403968.0,0.41,-2.2089420878333338e+18,49.0,3.5,3905303605,104.47017281787375
0.78,221.99,49.0,1410000000.0,6808403968.0,0.3075,-2.2089420845000003e+18,52.5,2.5,2199016650,104.5306881861292
0.0,66.16,47.0,1410000000.0,6808403968.0,0.0,-2.2089420825e+18,54.5,1.5,1419990925,105.23534512399395
0.0,66.16,47.0,1410000000.0,6808403968.0,0.0,-2.2089420803333332e+18,56.666666666666664,2.0,1518528836,106.25614290307519
0.0,66.15999999999998,47.0,1410000000.0,6808403968.0,0.0,-2.2089420775e+18,59.5,3.5,2948544927,104.52088155361666
0.0,66.16,47.0,1410000000.0,6808403968.0,0.0,-2.2089420745e+18,62.25,2.5,1807409173,106.26264156346126
0.0,66.16,47.0,1410000000.0,6808403968.0,0.0,-2.208942071125e+18,65.875,4.5,4083565646,103.53292303793097
0.0,66.16,49.5,1410000000.0,6808403968.0,0.19,-2.2089420685e+18,68.5,1.5,668772340,105.34445300998892
0.71,70.09,52.0,1410000000.0,6808403968.0,0.38,-2.2089420665e+18,70.25,2.5,1900603551,105.75095912341128
0.71,70.09,52.0,1410000000.0,6808403968.0,0.38,-2.208942065e+18,72.0,1.5,1020385156,105.3250545467135
0.71,70.09,52.0,1410000000.0,6808403968.0,0.38000000000000006,-2.2089420633333332e+18,73.66666666666667,2.0,1493326726,104.64893534194283
0.71,70.09,52.0,1410000000.0,6808403968.0,0.38,-2.208942062e+18,75.0,1.5,915104589,105.47509847229263
0.71,70.09,52.0,1410000000.0,6808403968.0,0.38,-2.2089420605e+18,76.5,2.5,2069725436,105.49161234751703
0.71,70.09,52.0,1410000000.0,6808403968.0,0.38,-2.208942058e+18,78.75,2.5,1699217358,105.63011393687837
0.71,70.09,52.0,1410000000.0,6808403968.0,0.38000000000000006,-2.208942056e+18,81.0,2.0,1719646951,105.6492402411482
0.75375,178.815,55.125,1400625000.0,6808403968.0,0.3925,-2.2089420525e+18,84.375,4.5,4357412527,103.73775115716435
0.78,244.05,57.0,1395000000.0,6808403968.0,0.4,-2.2089420495e+18,87.5,1.5,668981451,104.56206375399975
0.78,244.05,57.0,1395000000.0,6808403968.0,0.4,-2.2089420485e+18,88.5,1.5,908171878,104.20306895364858
0.7799999999999999,244.05000000000004,57.0,1395000000.0,6808403968.0,0.4000000000000001,-2.2089420469999997e+18,89.66666666666667,2.0,1574765074,103.79641219477378
0.78,244.05,57.0,1395000000.0,6808403968.0,0.4,-2.2089420455e+18,91.5,1.5,790868558,104.78205663331569
0.78,244.05,57.0,1395000000.0,6808403968.0,0.4,-2.208942044e+18,93.0,1.0,550277880,105.1754593622225
0.7799999999999999,244.05000000000004,57.0,1395000000.0,6808403968.0,0.4000000000000001,-2.2089420433333332e+18,93.66666666666667,2.0,1202054044,105.9762854906732
0.78,244.05,57.0,1395000000.0,6808403968.0,0.4,-2.208942042e+18,95.0,1.0,412070719,106.04431315525578
0.78,244.05,57.0,1395000000.0,6808403968.0,0.4,-2.208942041e+18,96.0,1.0,511125921,103.81654138428746
0.78,244.05,57.0,1395000000.0,6808403968.0,0.4,-2.2089420405e+18,96.5,1.5,864530880,106.13103056884438
0.78,244.05,57.0,1395000000.0,6808403968.0,0.4,-2.208942039e+18,97.5,1.5,796091998,104.98602372868415
0.7542857142857143,244.55571428571426,57.0,1407857142.857143,6810201526.857142,0.39999999999999997,-2.2089420365714286e+18,100.28571428571429,4.0,3503282155,103.42598855109034
0.75,244.64,57.0,1410000000.0,6810501120.0,0.4,-2.208942034e+18,103.0,1.5,815358141,105.02428772582623
0.75,244.64,57.0,1410000000.0,6810501120.0,0.4,-2.208942032e+18,104.75,2.5,2481170763,105.1423490076357
0.75,244.64,57.0,1410000000.0,6810501120.0,0.4,-2.2089420305e+18,106.5,1.5,820617449,105.23346335629287
0.75,244.64,57.0,1410000000.0,6810501120.0,0.4000000000000001,-2.2089420286666668e+18,108.33333333333333,2.0,1320460907,105.73428279290928
0.75,244.63999999999996,57.0,1410000000.0,6810501120.0,0.4,-2.2089420264e+18,110.4,3.0,2632274891,104.69157438342025
0.75,240.62999999999997,59.0,1402500000.0,6810501120.0,0.3950000000000001,-2.2089420231666668e+18,113.83333333333333,3.5,3097646249,103.62476196030654
0.75,236.62,61.0,1395000000.0,6810501120.0,0.39,-2.208942019125e+18,117.875,4.5,4499598537,104.03610246534097
0.75,236.62,61.0,1395000000.0,6810501120.0,0.39,-2.2089420152500001e+18,121.75,2.5,2516069424,104.38930667038201
0.75,236.62,61.0,1395000000.0,6810501120.0,0.39,-2.208942014e+18,123.0,1.0,547976316,105.38158257049703
0.75,236.62,61.0,1395000000.0,6810501120.0,0.37444444444444447,-2.2089420105555558e+18,126.44444444444444,5.0,4828808182,102.11604170338374
0.5,75.35,58.0,1410000000.0,6810501120.0,0.25,-2.2089420064e+18,130.6,3.0,3070727283,104.35691406513496
0.5,75.35,58.0,1410000000.0,6810501120.0,0.25,-2.2089420036666668e+18,133.0,2.0,1575893468,104.33743219344872
0.5,75.35,58.0,1410000000.0,6810501120.0,0.25,-2.2089420025e+18,134.5,1.5,846810201,104.5121342480939
0.5,75.35,58.0,1410000000.0,6810501120.0,0.25,-2.208942001e+18,136.0,1.5,1009480018,105.91187097607906
0.5,75.35,58.0,1410000000.0,6810501120.0,0.25,-2.208941998125e+18,138.75,4.5,4183202026,103.23157394875619
0.6764705882352942,187.0135294117647,61.529411764705884,1399411764.7058823,6810501120.0,0.3488235294117647,-2.2089419909411766e+18,145.94117647058823,9.0,9357669759,102.03520583994755
0.75,233.54,63.0,1395000000.0,6810501120.0,0.39,-2.2089419855e+18,151.5,1.5,579472919,104.15108059360104
0.7513333333333333,234.54533333333333,63.266666666666666,1398000000.0,6810501120.0,0.3899999999999999,-2.208941980866667e+18,156.0,8.0,8076379130,102.88463685489931
0.7600000000000001,241.08,65.0,1410000000.0,6810501120.0,0.38999999999999996,-2.2089419756666668e+18,161.33333333333334,2.0,1612552877,104.75426484630833
0.76,241.08,65.0,1410000000.0,6810501120.0,0.39,-2.2089419745e+18,162.5,1.5,942477342,105.04897013603592
0.76,241.08,65.0,1410000000.0,6810501120.0,0.39,-2.208941973e+18,163.5,1.5,832668107,103.01747495333159
0.76,241.08,65.0,1410000000.0,6810501120.0,0.39,-2.208941972e+18,165.0,1.0,480040684,104.68800566487737
0.76,241.08,65.0,1410000000.0,6810501120.0,0.39,-2.208941972e+18,165.0,1.0,694961286,105.62363434442092
0.7600000000000001,241.08,65.0,1410000000.0,6810501120.0,0.38999999999999996,-2.2089419703333335e+18,166.66666666666666,2.0,1470097261,104.84505064863323
0.7600000000000001,241.08,65.0,1410000000.0,6810501120.0,0.38999999999999996,-2.2089419683333332e+18,168.66666666666666,2.0,1516873217,104.27184126414042
0.76,241.08,65.0,1410000000.0,6810501120.0,0.39,-2.20894196625e+18,170.75,2.5,2374853333,104.31099504921818
0.764,240.208,65.0,1407000000.0,6810501120.0,0.39399999999999996,-2.2089419638e+18,173.2,3.0,2421023706,105.11069126468256
0.78,236.72,65.0,1395000000.0,6810501120.0,0.4,-2.2089419615e+18,175.5,1.5,1178629291,105.22471749951806
0.7800000000000001,236.72,65.0,1395000000.0,6810501120.0,0.39999999999999997,-2.2089419591666668e+18,177.66666666666666,3.5,2757265574,104.28502495109589
0.7799999999999999,236.72,65.0,1395000000.0,6810501120.0,0.4000000000000001,-2.2089419566666668e+18,180.33333333333334,2.0,1635131529,103.6476465166672
0.7799999999999999,236.72,65.0,1395000000.0,6810501120.0,0.4000000000000001,-2.2089419549999997e+18,181.66666666666666,2.0,1124117322,104.16230556059114
0.7799999999999999,236.72,65.0,1395000000.0,6810501120.0,0.4000000000000001,-2.2089419533333332e+18,183.66666666666666,2.0,1057630320,105.19081563914708
0.78,236.72,65.0,1395000000.0,6810501120.0,0.4,-2.208941952e+18,185.0,1.5,882061044,104.52831336657677
0.78,241.77666666666664,65.0,1390000000.0,6810501120.0,0.39555555555555555,-2.2089419486666665e+18,188.11111111111111,5.0,5078176268,103.70546641096716
0.78,251.89,65.0,1380000000.0,6810501120.0,0.39,-2.208941945e+18,192.0,2.5,1894405991,103.73831920251793
0.78,251.89,65.0,1380000000.0,6810501120.0,0.39,-2.208941943e+18,194.0,1.0,960502414,104.89634533664683
0.78,251.89,65.0,1380000000.0,6810501120.0,0.39,-2.2089419415e+18,195.5,1.5,1019615782,104.21681772052239
0.7799999999999999,251.89,65.0,1380000000.0,6810501120.0,0.38999999999999996,-2.2089419396666668e+18,197.33333333333334,2.0,1216412330,105.14655766348643
0.78,251.89,65.0,1380000000.0,6810501120.0,0.39,-2.2089419385e+18,198.5,1.5,769472956,104.5515308004218
0.78,251.89,65.0,1380000000.0,6810501120.0,0.39,-2.208941937e+18,199.5,1.5,882151252,104.90404584282825
0.78,251.89,65.0,1380000000.0,6810501120.0,0.39,-2.208941936e+18,201.0,1.5,1076014403,105.71773945014378
0.78,251.89,65.0,1380000000.0,6810501120.0,0.33749999999999997,-2.208941934e+18,202.75,2.5,2010840653,104.93310958686419
0.35000000000000003,75.08,61.0,1410000000.0,6810501120.0,0.17999999999999997,-2.208941931333333e+18,205.66666666666666,3.5,3002696318,103.84835580293961
0.35,75.08,61.0,1410000000.0,6810501120.0,0.18,-2.2089419285e+18,208.0,1.5,991266182,105.47840113777833
0.3499999999999999,75.08,61.0,1410000000.0,6810501120.0,0.18000000000000002,-2.2089419273333332e+18,209.66666666666666,2.0,1159877185,105.02007404823551
0.35,75.08,61.0,1410000000.0,6810501120.0,0.18,-2.208941926e+18,211.0,1.5,694591390,105.38043262372373
0.35,75.08,61.0,1410000000.0,6810501120.0,0.18,-2.208941924e+18,212.5,2.5,2128601224,104.37651641146218
0.35,75.08,61.0,1410000000.0,6810501120.0,0.18,-2.2089419225e+18,214.5,1.5,1164642110,104.83511366242212
0.3499999999999999,75.08,61.0,1410000000.0,6810501120.0,0.18000000000000002,-2.2089419210000003e+18,216.0,2.0,1280157076,103.67505348046281
0.3499999999999999,75.08,61.0,1410000000.0,6810501120.0,0.18000000000000002,-2.2089419193333332e+18,217.66666666666666,2.0,1225124154,104.25097809384621
0.21,166.38,63.0,1410000000.0,6810501120.0,0.02,-2.2089419175e+18,219.0,1.5,707498413,104.5532185440426
0.07,257.68,63.0,1410000000.0,6810501120.0,0.02,-2.2089419155999997e+18,221.2,3.0,2976663065,103.82829010393206
0.07,257.68,63.0,1410000000.0,6810501120.0,0.02,-2.2089419095625e+18,227.375,8.5,8801241219,102.54641287553132
0.595,238.7425,65.25,1397812500.0,6810501120.0,0.32875000000000004,-2.2089419004375e+18,236.5625,8.5,8872012171,101.67006705279935
0.77,232.43,66.0,1395000000.0,6810501120.0,0.4,-2.2089418945e+18,242.25,2.5,2111334000,104.40727812546639
0.77,232.43,66.0,1395000000.0,6810501120.0,0.4,-2.208941893e+18,244.0,1.0,567432460,105.06488217143185
0.77,232.43000000000004,66.0,1395000000.0,6810501120.0,0.39999999999999997,-2.2089418911666668e+18,245.83333333333334,3.5,3423075772,102.72319436842866
0.7699999999999999,229.8936363636364,66.0,1381363636.3636363,6810501120.0,0.40000000000000013,-2.2089418831363643e+18,253.6818181818182,11.5,11807803053,103.34203119391054
0.77,229.64,66.0,1380000000.0,6810501120.0,0.4000000000000001,-2.208941876e+18,260.6666666666667,2.0,1249188825,104.12655607317986
0.77,229.64,66.0,1380000000.0,6810501120.0,0.4,-2.2089418745e+18,262.5,1.5,624621948,104.50766647339715
0.7666666666666666,237.60333333333332,65.66666666666667,1385000000.0,6810501120.0,0.4000000000000001,-2.2089418733333332e+18,263.6666666666667,2.0,1237828870,104.89733572219991
0.76,253.53,65.0,1395000000.0,6810501120.0,0.4,-2.208941869875e+18,267.0,4.5,4501205350,101.2259174430372
0.7599999999999999,253.53000000000003,65.0,1395000000.0,6810501120.0,0.4,-2.2089418647272727e+18,272.27272727272725,6.0,5508954572,101.26285326698942
0.76,253.53,65.0,1395000000.0,6810501120.0,0.4,-2.208941861e+18,276.0,1.0,553544872,102.80570233502871
0.7649999999999998,249.80499999999998,65.5,1395000000.0,6810501120.0,0.3941666666666666,-2.208941857833333e+18,279.0833333333333,6.5,6296272125,102.0064274731871
0.7699999999999999,246.08,66.0,1395000000.0,6810501120.0,0.39,-2.2089418515454548e+18,285.3636363636364,6.0,5618446724,101.15684938287328
0.77,246.08,66.0,1395000000.0,6810501120.0,0.39,-2.208941848e+18,289.0,1.0,461937118,102.95129313837738
0.7700000000000001,246.07999999999998,66.0,1395000000.0,6810501120.0,0.39000000000000007,-2.2089418458571428e+18,291.0,4.0,3577422123,101.95528522884297
0.7600000000000001,241.24,65.66666666666667,1400000000.0,6810501120.0,0.38999999999999996,-2.2089418433333332e+18,293.6666666666667,2.0,1094131703,104.08916534787905
0.74,231.56,65.0,1410000000.0,6810501120.0,0.39,-2.20894184e+18,296.77777777777777,5.0,4261335382,103.40319677556494
0.7400000000000001,231.55999999999997,65.0,1410000000.0,6810501120.0,0.39,-2.2089418347272727e+18,302.27272727272725,6.0,5492271684,104.05241058565517
0.74125,231.785,65.125,1406250000.0,6810501120.0,0.3875,-2.208941829625e+18,307.375,4.5,3983306043,101.74817780809416
0.75,233.36,66.0,1380000000.0,6810501120.0,0.38,-2.208941827e+18,310.0,1.0,474159790,104.46232847798649
0.75,233.36,66.0,1380000000.0,6810501120.0,0.38000000000000006,-2.2089418256666665e+18,311.3333333333333,2.0,1250077203,103.32986131335866
0.75,233.36,66.0,1380000000.0,6810501120.0,0.38,-2.2089418245e+18,312.5,1.5,505494492,104.69065015620357
0.75,233.36000000000004,66.0,1380000000.0,6810501120.0,0.38,-2.208941821e+18,315.8,5.5,4828750131,102.03692361682124
0.75,233.36000000000007,66.0,1380000000.0,6810501120.0,0.37999999999999995,-2.208941816e+18,320.85714285714283,4.0,4015747804,102.42880272294944
0.7422222222222222,242.88,64.44444444444444,1380000000.0,6810501120.0,0.38888888888888895,-2.2089418115555556e+18,325.3333333333333,5.0,4661216756,101.17897343390044
0.7400000000000001,245.6,64.0,1380000000.0,6810501120.0,0.39000000000000007,-2.2089418075e+18,329.5,3.5,2906328455,103.79793359137356
0.7400000000000001,245.6,64.0,1380000000.0,6810501120.0,0.38999999999999996,-2.2089418025e+18,334.25,6.5,5815648552,103.8018275532283
0.74,243.84799999999996,64.8,1392000000.0,6810501120.0,0.39,-2.2089417963e+18,340.7,5.5,5598028392,103.52996024418704
0.74,243.41,65.0,1395000000.0,6810501120.0,0.39,-2.2089417911111112e+18,345.77777777777777,5.0,4726510630,103.96439831090397
0.7436363636363637,243.5,65.0909090909091,1395000000.0,6810501120.0,0.39181818181818184,-2.2089417854545452e+18,351.54545454545456,6.0,5695259123,104.06698939083891
0.78,244.4,66.0,1395000000.0,6810501120.0,0.4,-2.208941779181818e+18,357.72727272727275,6.0,6045302212,100.8139228669281
0.78,244.4,66.0,1395000000.0,6810501120.0,0.4,-2.2089417735000003e+18,363.5,5.5,5297788399,104.04718069113484
0.762857142857143,244.7214285714286,65.57142857142857,1401428571.4285715,6810501120.0,0.3914285714285714,-2.208941768142857e+18,368.85714285714283,4.0,5854156767,102.39820209568863
0.7400000000000001,245.15000000000003,65.0,1410000000.0,6810501120.0,0.37999999999999995,-2.2089417627142856e+18,374.2857142857143,4.0,3777196417,101.74345027391233
0.74,245.14999999999998,65.0,1410000000.0,6810501120.0,0.38,-2.2089417581111114e+18,378.77777777777777,5.0,4744991129,104.2114504742166
0.745,243.10500000000002,65.0,1402500000.0,6810501120.0,0.38,-2.2089417528e+18,384.2,5.5,5453913289,100.96230092089023
0.75,241.06,65.0,1395000000.0,6810501120.0,0.38,-2.2089417474444447e+18,389.3333333333333,5.0,4756737557,101.08738756039463
0.75,241.05999999999997,65.0,1395000000.0,6810501120.0,0.37999999999999995,-2.2089417417500004e+18,395.1666666666667,6.5,6199442820,102.81893033222265
0.2863636363636364,260.6963636363636,63.18181818181818,1410000000.0,6810501120.0,0.11000000000000001,-2.208941735e+18,401.8181818181818,6.0,5894374101,102.89485519514199
0.24000000000000007,262.65999999999997,63.0,1410000000.0,6810501120.0,0.11000000000000003,-2.2089417283333335e+18,408.5833333333333,6.5,6747255438,103.29699800559717
0.49,245.1975,64.25,1400625000.0,6810501120.0,0.28500000000000003,-2.2089417225e+18,414.375,4.5,4457863873,101.59050285316185
0.74,234.72,65.0,1395000000.0,6810501120.0,0.39,-2.20894171775e+18,419.125,4.5,4696660815,100.93594356883317
0.74,234.72,65.0,1395000000.0,6810501120.0,0.39,-2.2089417135e+18,423.5,2.5,3630169200,103.69982758449612
0.7400000000000001,240.84083333333328,65.0,1395000000.0,6810501120.0,0.38000000000000006,-2.208941708e+18,428.6666666666667,6.5,6358091025,100.5705914423175
0.7400000000000001,249.41,65.0,1395000000.0,6810501120.0,0.37000000000000005,-2.2089417029999997e+18,434.0,3.5,3764208969,101.69369413014715
0.7400000000000001,249.40999999999997,65.0,1395000000.0,6810501120.0,0.37000000000000005,-2.2089416973846154e+18,439.53846153846155,7.0,7073141290,100.79182813983898
0.7477777777777779,248.14777777777778,64.11111111111111,1395000000.0,6810501120.0,0.39666666666666667,-2.2089416911111114e+18,445.77777777777777,5.0,4922883949,103.1547544863364
0.75,247.99,64.0,1395000000.0,6810501120.0,0.4,-2.20894168625e+18,450.75,4.5,4368223356,101.34431037746704
0.7516666666666666,245.96583333333328,64.0,1392500000.0,6810501120.0,0.4000000000000001,-2.2089416804999997e+18,456.4166666666667,6.5,6463456619,103.675623830052
0.7699999999999999,223.69999999999996,64.0,1365000000.0,6810501120.0,0.4000000000000001,-2.2089416736666668e+18,463.1666666666667,6.5,6452184059,101.07999210619485
0.77,223.7,64.0,1365000000.0,6810501120.0,0.4,-2.2089416676666668e+18,469.3333333333333,5.0,4794898785,102.21146949629869
0.7477777777777779,232.67777777777778,64.0,1385000000.0,6810501120.0,0.38666666666666666,-2.2089416624444447e+18,474.44444444444446,5.0,4368286983,103.05487498788379
0.7300000000000001,239.86000000000004,64.0,1395000000.0,6810501120.0,0.37999999999999995,-2.2089416566363638e+18,480.3636363636364,6.0,5978292987,102.29658882006628
0.7300000000000001,239.40181818181824,64.0,1395000000.0,6810501120.0,0.38181818181818183,-2.2089416506363635e+18,486.3636363636364,6.0,5711272742,104.01903858017711
0.7699999999999999,234.82000000000005,64.0,1395000000.0,6810501120.0,0.4000000000000001,-2.2089416441666665e+18,492.75,6.5,6303211357,100.85397603146674
0.7699999999999998,234.82000000000005,64.0,1395000000.0,6810501120.0,0.4000000000000001,-2.2089416373076923e+18,499.53846153846155,7.0,6293857748,103.10620840543245
0.7618181818181817,238.34636363636366,64.0,1382727272.7272727,6810501120.0,0.4,-2.2089416310000003e+18,505.90909090909093,6.0,5802296672,103.96511681600855
0.7599999999999999,239.13000000000002,64.0,1380000000.0,6810501120.0,0.4000000000000001,-2.2089416249166666e+18,512.0833333333334,6.5,6141241867,104.17311222296595
0.7527272727272728,232.7190909090909,64.0,1380000000.0,6810501120.0,0.3909090909090909,-2.208941618181818e+18,518.5454545454545,6.0,5746739977,100.5077399931433
0.74,221.5,64.0,1380000000.0,6810501120.0,0.38,-2.2089416126666665e+18,524.2222222222222,5.0,4722356675,101.35364101694317
0.7400000000000001,221.5,64.0,1380000000.0,6810501120.0,0.37999999999999995,-2.208941606833333e+18,530.0833333333334,6.5,6092149337,103.74363448822442
0.749,245.47599999999997,64.0,1393500000.0,6810501120.0,0.398,-2.2089416006999997e+18,536.1,5.5,4973881075,101.24150911344631
0.75,248.14,64.0,1395000000.0,6810501120.0,0.4,-2.2089415975e+18,539.5,1.5,780893897,104.82635962185459
0.75,248.14,64.0,1395000000.0,6810501120.0,0.4000000000000001,-2.2089415963333332e+18,540.6666666666666,2.0,1159933273,104.88693388554876
0.75,248.13999999999996,64.0,1395000000.0,6810501120.0,0.4,-2.2089415925e+18,544.5,5.5,5501226617,101.99053130511433
0.75,248.14,64.0,1395000000.0,6810501120.0,0.4,-2.208941589e+18,548.0,1.0,480830520,104.0730971571648
0.75,242.86,64.0,1395000000.0,6810501120.0,0.39125,-2.208941587e+18,550.0,4.5,3962301055,102.20727700447712
0.75,241.1,64.0,1395000000.0,6810501120.0,0.38999999999999996,-2.2089415836666668e+18,553.3333333333334,2.0,1781778245,104.27303333751226
0.75,241.1,64.0,1395000000.0,6810501120.0,0.39,-2.2089415825e+18,554.5,1.5,665311444,104.17416343510156
0.75,241.1,64.0,1395000000.0,6810501120.0,0.39,-2.208941581e+18,556.0,1.5,957362922,104.90081380310441
0.75,241.1,64.0,1395000000.0,6810501120.0,0.39,-2.20894157825e+18,558.625,4.5,4526529075,101.63534307066718
0.75,241.1,64.0,1395000000.0,6810501120.0,0.39,-2.2089415755e+18,561.5,1.5,919853502,104.18213449452821
0.748,241.57599999999996,64.0,1395000000.0,6810501120.0,0.39,-2.2089415734e+18,563.6,3.0,3328465900,102.4220328653111
0.7400000000000001,243.48,64.0,1395000000.0,6810501120.0,0.39,-2.2089415670909092e+18,569.8181818181819,6.0,6565545657,102.01968868554741
0.74,243.47999999999996,64.0,1395000000.0,6810501120.0,0.39,-2.2089415611999997e+18,575.8,5.5,5383190404,101.69668114558415
0.7266666666666666,246.3733333333333,64.0,1385000000.0,6810501120.0,0.38000000000000006,-2.2089415576666665e+18,579.3333333333334,2.0,1294915669,104.32281987868302
0.72,247.82,64.0,1380000000.0,6810501120.0,0.38,-2.208941556e+18,581.0,1.5,1194311418,104.94758406699262
0.72,247.82000000000002,64.0,1380000000.0,6810501120.0,0.38,-2.2089415524000003e+18,584.4,5.5,5424969022,101.73989132937072
0.72,247.82000000000002,64.0,1380000000.0,6810501120.0,0.38,-2.2089415469e+18,590.0,5.5,5208336849,101.17658226066956
0.7363636363636363,244.7845454545455,64.0,1392272727.2727273,6810501120.0,0.38818181818181824,-2.2089415410909092e+18,595.9090909090909,6.0,5857559386,103.71103974379186
0.74,244.11000000000004,64.0,1395000000.0,6810501120.0,0.39,-2.2089415352e+18,601.7,5.5,5147762425,102.91713711956486
0.7455555555555555,244.0288888888889,64.11111111111111,1395000000.0,6810501120.0,0.39,-2.2089415296666665e+18,607.1111111111111,5.0,4597957648,102.42634374342062
0.79,243.38000000000002,65.0,1395000000.0,6810501120.0,0.39,-2.2089415258e+18,611.2,3.0,2749486000,102.6068082735044
0.79,243.38,65.0,1395000000.0,6810501120.0,0.39,-2.2089415218888886e+18,615.0,5.0,4469663487,104.09707495656713
0.79,243.38000000000002,65.0,1395000000.0,6810501120.0,0.39000000000000007,-2.208941518e+18,619.0,3.5,2637273250,105.33499281500812
0.7860000000000001,253.016,65.0,1387500000.0,6810501120.0,0.39,-2.2089415131e+18,623.7,5.5,5671022002,104.02020271598772
0.78,267.4700000000001,65.0,1380000000.0,6810501120.0,0.39,-2.2089415070909094e+18,629.7272727272727,6.0,5730545105,102.17142798787467
0.78,267.4700000000001,65.0,1380000000.0,6810501120.0,0.39,-2.2089415012000003e+18,635.7,5.5,5615111405,103.57644179043498
0.39777777777777773,259.2744444444445,64.11111111111111,1380000000.0,6810501120.0,0.17,-2.208941495777778e+18,641.1111111111111,5.0,4922382666,100.816699319639
0.35000000000000003,258.25,64.0,1380000000.0,6810501120.0,0.16999999999999998,-2.208941490272727e+18,646.7272727272727,6.0,5825693623,101.83544957667989
0.5333333333333333,250.02083333333334,64.41666666666667,1380000000.0,6810501120.0,0.2616666666666667,-2.2089414835833334e+18,653.3333333333334,6.5,6236918649,103.59822692442005
0.79,238.5,65.0,1380000000.0,6810501120.0,0.38999999999999996,-2.2089414768333332e+18,660.0,6.5,6267342636,101.85867719012874
0.7900000000000001,238.5,65.0,1381363636.3636363,6810501120.0,0.39,-2.2089414705454546e+18,666.2727272727273,6.0,5739116998,103.8699884912796
0.7699999999999999,254.09000000000003,65.0,1395000000.0,6810501120.0,0.39,-2.2089414644545454e+18,672.4545454545455,6.0,5870183465,103.97370232733036
0.77,254.09,65.0,1395000000.0,6810501120.0,0.39,-2.2089414586666668e+18,678.3333333333334,5.0,5556134075,103.5838917312936
0.77,245.50666666666666,65.0,1395000000.0,6810501120.0,0.39,-2.208941452777778e+18,684.2222222222222,5.0,5374276688,103.75890656384614
0.7700000000000001,238.63999999999993,65.0,1395000000.0,6810501120.0,0.39000000000000007,-2.2089414478571433e+18,689.0,4.0,4119087246,102.39437902939967
0.7700000000000001,238.63999999999993,65.0,1395000000.0,6810501120.0,0.39000000000000007,-2.208941443571428e+18,693.4285714285714,4.0,4260569463,102.25168514701151
0.77,245.38666666666666,65.0,1390000000.0,6810501120.0,0.39,-2.2089414387777777e+18,698.2222222222222,5.0,4693580487,104.21208004439235
0.7699999999999999,258.88000000000005,65.0,1380000000.0,6810501120.0,0.39,-2.208941433090909e+18,703.9090909090909,6.0,6089833513,103.55643912229198
0.7699999999999999,258.88000000000005,65.0,1380000000.0,6810501120.0,0.38999999999999996,-2.208941426666667e+18,710.25,6.5,5996494470,102.07404770431395
0.23833333333333329,248.93416666666675,63.166666666666664,1393750000.0,6810501120.0,0.08999999999999998,-2.208941420083333e+18,716.9166666666666,6.5,6470232766,101.78759065581586
0.19,248.03,63.0,1395000000.0,6810501120.0,0.09,-2.2089414137777777e+18,723.2222222222222,5.0,5477964032,103.29615498123249
0.5122222222222221,247.4133333333333,64.11111111111111,1386666666.6666667,6810501120.0,0.25666666666666665,-2.2089414076666665e+18,729.3333333333334,5.0,5221915148,102.98223102750536
0.77,246.91999999999996,65.0,1380000000.0,6810501120.0,0.39,-2.2089414023333332e+18,734.6666666666666,5.0,4808996039,103.94471233314911
0.7699999999999999,246.92,65.0,1380000000.0,6810501120.0,0.39,-2.2089413968999997e+18,740.0,5.5,5272673826,100.8853247312745
0.746923076923077,245.54923076923083,64.15384615384616,1380000000.0,6810501120.0,0.38999999999999996,-2.2089413906153846e+18,746.3076923076923,7.0,6783670723,100.88150819164865
0.7400000000000001,245.30000000000007,64.0,1380000000.0,6810501120.0,0.38999999999999996,-2.2089413837499999e+18,753.1666666666666,6.5,6163874842,100.32887580528974
0.74,245.3,64.0,1380000000.0,6810501120.0,0.39,-2.2089413795000003e+18,757.5,2.5,1924100024,103.46676557294947
0.2316666666666666,246.48333333333335,63.166666666666664,1380000000.0,6810501120.0,0.049999999999999996,-2.2089413768333332e+18,760.1666666666666,3.5,2789644964,103.19043421638068
0.13,246.72,63.0,1380000000.0,6810501120.0,0.049999999999999996,-2.2089413732857142e+18,763.7142857142857,4.0,3673275899,102.87504822194899
0.13,246.72,63.0,1380000000.0,6810501120.0,0.05,-2.2089413687777777e+18,768.1111111111111,5.0,4552504303,102.56839066884696
0.33999999999999997,247.57000000000002,63.333333333333336,1385000000.0,6810501120.0,0.19666666666666666,-2.2089413637777777e+18,773.2222222222222,5.0,4846636498,101.27079382494233
0.76,249.27000000000004,64.0,1395000000.0,6810501120.0,0.38,-2.2089413587777777e+18,778.2222222222222,5.0,4646541564,102.12789322023242
0.76,249.27000000000004,64.0,1395000000.0,6810501120.0,0.38,-2.2089413534999997e+18,783.5,5.5,4997477449,103.1103657944069
0.7541666666666668,254.53750000000005,64.0,1395000000.0,6810501120.0,0.38666666666666666,-2.2089413471666668e+18,789.75,6.5,6352501725,102.19350776306702
0.75,258.30000000000007,64.0,1395000000.0,6810501120.0,0.38999999999999996,-2.208941340583333e+18,796.3333333333334,6.5,6066051030,101.85181313958105
0.7527272727272727,251.89090909090916,64.0,1395000000.0,6810501120.0,0.38636363636363635,-2.208941334181818e+18,802.6363636363636,6.0,5803266857,102.3326418537714
0.7599999999999999,234.80000000000007,64.0,1395000000.0,6810501120.0,0.37999999999999995,-2.208941327909091e+18,809.0909090909091,6.0,5907723835,102.23401845629193
0.76,234.80000000000004,64.0,1395000000.0,6810501120.0,0.38,-2.2089413220000003e+18,815.0,5.5,5268061175,104.82189615841513
0.7525000000000001,254.73333333333343,64.0,1407500000.0,6810501120.0,0.38833333333333336,-2.208941316e+18,820.9166666666666,6.5,6046743665,101.72976083576776
0.75,258.7200000000001,64.0,1410000000.0,6810501120.0,0.39,-2.2089413096363638e+18,827.1818181818181,6.0,5776690199,101.81970201878609
0.7565,252.7205,64.0,1390500000.0,6810501120.0,0.383,-2.2089413011499999e+18,835.7,10.5,10230437502,100.90488926891773
0.7599999999999999,249.48999999999992,64.0,1380000000.0,6810501120.0,0.38071428571428567,-2.2089412915714286e+18,845.3571428571429,7.5,7877331608,101.67308684668521
0.78,235.58,65.0,1365000000.0,6810501120.0,0.39,-2.208941285e+18,851.9,5.5,4899286992,101.9654468459227
0.78,235.58,65.0,1365000000.0,6810501120.0,0.39,-2.2089412793636362e+18,857.4545454545455,6.0,5668826717,101.75940190288121
0.7675000000000001,247.32999999999996,64.5,1372500000.0,6810501120.0,0.385,-2.2089412730833334e+18,863.8333333333334,6.5,6191255571,101.96982523063285
0.75,259.08,64.0,1380000000.0,6810501120.0,0.37999999999999995,-2.2089412677142856e+18,869.2857142857143,4.0,3777937697,102.9277257275128
0.75,259.08,64.0,1380000000.0,6810501120.0,0.38,-2.20894126325e+18,873.375,4.5,4385145555,102.3397172329896
0.7553846153846153,250.17923076923083,64.53846153846153,1380000000.0,6810501120.0,0.3861538461538461,-2.2089412574615386e+18,879.3846153846154,7.0,6603957500,101.60332031742877
0.7599999999999999,242.5500000000001,65.0,1380000000.0,6810501120.0,0.38999999999999996,-2.2089412501428572e+18,886.7142857142857,7.5,7474638062,101.40216706043934
0.7633333333333332,246.77333333333334,65.0,1375000000.0,6810501120.0,0.39,-2.2089412437777777e+18,893.2222222222222,5.0,4732842374,102.98248272614816
0.77,255.22,65.0,1365000000.0,6810501120.0,0.39,-2.208941239e+18,897.75,4.5,4222884429,101.73323181873957
0.7699999999999998,255.21999999999994,65.0,1365000000.0,6810501120.0,0.38999999999999996,-2.2089412329285714e+18,903.9285714285714,7.5,7232557109,101.09733913058747
0.7439130434782608,256.7082608695653,64.08695652173913,1392391304.347826,6810501120.0,0.39,-2.208941222826087e+18,914.1304347826087,12.0,12186803281,100.77033595880454
0.74,257.055,64.125,1396875000.0,6810501120.0,0.38875000000000004,-2.2089412145e+18,922.5,4.5,4074653428,102.10593946707532
0.74,258.49,65.0,1410000000.0,6810501120.0,0.38,-2.208941210125e+18,926.875,4.5,4103487888,104.57386112593329
0.74,258.49,65.0,1410000000.0,6810501120.0,0.38,-2.208941205625e+18,931.375,4.5,3924189010,101.8407129434933
0.74,258.48999999999995,65.0,1410000000.0,6810501120.0,0.344,-2.2089412006999997e+18,936.3,5.5,4936546391,104.34100587872221
0.030000000000000002,77.11,60.0,1410000000.0,6810501120.0,0.02,-2.2089411957777777e+18,941.2222222222222,5.0,4178658102,101.77700981521096
0.030000000000000006,77.11,60.0,1410000000.0,6810501120.0,0.019999999999999997,-2.2089411906000003e+18,946.4,5.5,5037755401,101.21155921193606
0.16272727272727272,108.15363636363637,60.72727272727273,1410000000.0,6810501120.0,0.11818181818181818,-2.2089411847272727e+18,952.1818181818181,6.0,5614070594,101.39569342547621
0.76,247.85000000000002,64.0,1410000000.0,6810501120.0,0.38,-2.2089411791111114e+18,957.8888888888889,5.0,4566014367,102.94667775479913
0.7599999999999999,247.85,64.0,1410000000.0,6810501120.0,0.37999999999999995,-2.2089411735454546e+18,963.3636363636364,6.0,5746562851,101.8311261814997
0.75625,248.04874999999998,63.625,1402500000.0,6810501120.0,0.385,-2.208941168125e+18,968.625,4.5,4405829388,103.33029664273985
0.75,248.38000000000005,63.0,1395000000.0,6810501120.0,0.38999999999999996,-2.2089411623846157e+18,974.3846153846154,7.0,6436195757,101.86159593625912
0.7478571428571429,249.17500000000004,63.0,1391785714.2857144,6810501120.0,0.3871428571428571,-2.2089411549285711e+18,981.9285714285714,7.5,7374468634,101.86197184307625
0.74,252.09,63.0,1380000000.0,6810501120.0,0.38,-2.2089411483333332e+18,988.6666666666666,5.0,4831562084,104.63286148005673
0.74,252.09,63.0,1380000000.0,6810501120.0,0.38,-2.2089411435e+18,993.25,4.5,3699967352,103.78845854487157
0.7446153846153846,248.52230769230775,63.0,1380000000.0,6810501120.0,0.37999999999999995,-2.2089411379230766e+18,999.0,7.0,6580022043,101.57953302184785
0.75,244.36,63.0,1380000000.0,6810501120.0,0.38,-2.2089411317777777e+18,1005.0,5.0,4931457106,102.37036828136314
0.75,244.36000000000007,63.0,1380000000.0,6810501120.0,0.37999999999999995,-2.2089411272857144e+18,1009.7142857142857,4.0,3244475550,103.07934276987953
0.75,247.1028571428571,63.0,1380000000.0,6810501120.0,0.3878571428571428,-2.2089411213571428e+18,1015.5,7.5,7066939297,101.68546937417618
0.75,248.2,63.0,1380000000.0,6810501120.0,0.39,-2.2089411155e+18,1021.5,4.5,3978259288,103.19820862388384
0.7490909090909091,246.7254545454545,63.0,1382727272.7272727,6810501120.0,0.38818181818181824,-2.2089411102727268e+18,1026.5454545454545,6.0,5734704198,101.3939785844732
0.74,231.97999999999996,63.0,1410000000.0,6810501120.0,0.38,-2.2089411048888888e+18,1032.111111111111,5.0,4482745134,101.66832563900167
0.7400000000000001,231.98,63.0,1410000000.0,6810501120.0,0.37999999999999995,-2.2089410989166666e+18,1038.0,6.5,6576298561,102.27887895205784
0.755,229.0025,63.0,1398750000.0,6810501120.0,0.3875,-2.2089410906874998e+18,1046.125,8.5,9059681954,102.44820533070731
0.7599999999999999,228.01000000000008,63.0,1395000000.0,6810501120.0,0.38999999999999996,-2.2089410822857142e+18,1054.642857142857,7.5,7281844862,101.94027454291775
0.229,227.641,61.2,1395000000.0,6810501120.0,0.07999999999999999,-2.2089410756000003e+18,1061.2,5.5,5082573490,101.89638122348613
0.16999999999999998,227.6,61.0,1395000000.0,6810501120.0,0.07999999999999999,-2.2089410703000003e+18,1066.7,5.5,5408105836,102.45393897343848
0.5426315789473685,241.09263157894733,63.05263157894737,1395000000.0,6810501120.0,0.28526315789473683,-2.208941061210526e+18,1075.7894736842106,10.0,11424816773,101.47580946220612
0.7599999999999999,247.32000000000005,64.0,1395000000.0,6810501120.0,0.37999999999999995,-2.2089410521538463e+18,1084.6153846153845,7.0,6944944664,101.81290395571396
0.7333333333333333,255.26666666666662,63.111111111111114,1395000000.0,6810501120.0,0.38888888888888895,-2.2089410462222223e+18,1090.7777777777778,5.0,4738649675,101.8269163435873
0.7300000000000001,256.26000000000005,63.0,1395000000.0,6810501120.0,0.38999999999999996,-2.2089410403333335e+18,1096.5,6.5,6349411238,101.6859846573767
0.734,253.31000000000003,63.2,1395000000.0,6810501120.0,0.384,-2.2089410345000003e+18,1102.5,5.5,5275975513,102.17595227988488
0.75,241.51000000000005,64.0,1395000000.0,6810501120.0,0.37,-2.2089410288999997e+18,1108.0,5.5,4942718917,102.19810953217284
0.75,241.51000000000005,64.0,1395000000.0,6810501120.0,0.37000000000000005,-2.2089410232727273e+18,1113.7272727272727,6.0,5464326513,104.36847359130871
0.75,249.50636363636366,64.0,1395000000.0,6810501120.0,0.38272727272727275,-2.208941017272727e+18,1119.6363636363637,6.0,5556242169,102.257163286345
0.75,256.17,64.0,1395000000.0,6810501120.0,0.39,-2.2089410095e+18,1127.375,8.5,8829885668,101.869329638415
0.75,253.35000000000002,64.0,1395000000.0,6810501120.0,0.39000000000000007,-2.2089410031666665e+18,1133.6666666666667,3.5,3058703602,103.11237288873704
0.75,247.71,64.0,1395000000.0,6810501120.0,0.38999999999999996,-2.2089409972307694e+18,1139.6923076923076,7.0,7000975301,101.76686119651528
0.7508333333333334,247.97083333333333,64.0,1395000000.0,6810501120.0,0.38999999999999996,-2.2089409905833336e+18,1146.4166666666667,6.5,6415541629,101.58508066081605
0.76,250.84,64.0,1395000000.0,6810501120.0,0.39,-2.2089409846999997e+18,1152.2,5.5,5231431579,102.17715740006263
0.76,250.84,64.0,1395000000.0,6810501120.0,0.39,-2.2089409794444447e+18,1157.3333333333333,5.0,4370451397,102.95713770436106
0.76,245.3275,63.75,1391250000.0,6810501120.0,0.38625,-2.2089409742500001e+18,1162.75,4.5,5646085305,101.5787452396586
0.76,228.79000000000002,63.0,1380000000.0,6810501120.0,0.38,-2.2089409683e+18,1168.5,5.5,5088730419,101.22197459169432
0.7599999999999999,229.12333333333333,63.06666666666667,1381000000.0,6810501120.0,0.38133333333333325,-2.2089409614666668e+18,1175.4666666666667,8.0,7658097289,101.24928566995374
0.76,233.79,64.0,1395000000.0,6810501120.0,0.39,-2.208940955e+18,1182.0,4.5,3987418809,102.59580148640981
0.7599999999999999,233.79,64.0,1395000000.0,6810501120.0,0.38999999999999996,-2.2089409483076925e+18,1188.6153846153845,7.0,7800023137,103.06774113561038
0.7460000000000001,247.15,63.2,1383000000.0,6810501120.0,0.39,-2.2089409415000003e+18,1195.5,5.5,4926729697,101.667700450832
0.74,250.49,63.0,1380000000.0,6810501120.0,0.39,-2.2089409374e+18,1199.6,3.0,3120291822,103.24100933191373
0.74,250.48999999999995,63.0,1380000000.0,6810501120.0,0.39,-2.2089409323999997e+18,1204.6,5.5,5363912587,101.632833710907
0.7479999999999999,249.05,63.0,1389000000.0,6810501120.0,0.396,-2.2089409276000003e+18,1209.2,3.0,3257717797,102.78895953320433
0.7599999999999999,246.88999999999993,63.0,1395000000.0,6810501120.0,0.39999999999999997,-2.2089409237142856e+18,1213.2857142857142,4.0,4215514913,102.39116738914169
0.76,246.89,63.0,1395000000.0,6810501120.0,0.4,-2.2089409187777777e+18,1218.0,5.0,4956967246,101.92446245647075
0.7599999999999999,243.21909090909085,63.0,1395000000.0,6810501120.0,0.3936363636363636,-2.2089409125454546e+18,1224.4545454545455,6.0,7035769393,102.37136276764578
0.7599999999999999,240.16,63.0,1395000000.0,6810501120.0,0.39000000000000007,-2.2089409065e+18,1230.5,3.5,3483587806,103.05809672329873
0.76,240.16,63.0,1395000000.0,6810501120.0,0.39,-2.208940902e+18,1235.0,4.5,4838053064,102.27420225878627
0.7542857142857143,250.11714285714282,63.0,1405714285.7142856,6810501120.0,0.39000000000000007,-2.208940896857143e+18,1240.142857142857,4.0,4324419440,101.85430426498668
0.75,254.1,63.0,1410000000.0,6810501120.0,0.39,-2.2089408912e+18,1245.7,5.5,6140629255,101.44655452914967
0.7460000000000001,251.656,63.0,1410000000.0,6810501120.0,0.38099999999999995,-2.2089408845999997e+18,1252.3,5.5,5978153784,102.67408888664185
0.7300000000000001,241.88000000000002,63.0,1410000000.0,6810501120.0,0.36,-2.2089408785000005e+18,1258.4,5.5,5808350646,101.76055105184024
0.7300000000000001,241.88000000000002,63.0,1410000000.0,6810501120.0,0.35999999999999993,-2.208940872e+18,1264.909090909091,6.0,6235951414,101.57029892595715
0.746,243.14899999999997,63.0,1396500000.0,6810501120.0,0.387,-2.2089408658e+18,1271.1,5.5,6181622500,104.76096068445055
0.75,243.29000000000002,63.0,1395000000.0,6810501120.0,0.39,-2.2089408596000003e+18,1277.3,5.5,5076402779,101.99621416572033
0.7529999999999999,242.414,63.0,1390500000.0,6810501120.0,0.387,-2.2089408539e+18,1283.0,5.5,5491600484,101.66319670587848
0.7599999999999999,240.36999999999998,63.0,1380000000.0,6810501120.0,0.37999999999999995,-2.2089408488333332e+18,1288.0,3.5,3010888490,103.3685307285639
0.76,240.37,63.0,1380000000.0,6810501120.0,0.38,-2.2089408443333332e+18,1292.4444444444443,5.0,4707919737,102.32233003127179
0.7540000000000001,244.10500000000002,63.0,1384500000.0,6810501120.0,0.38,-2.2089408390999997e+18,1297.8,5.5,5119906151,101.73783957798287
0.7400000000000001,252.82000000000005,63.0,1395000000.0,6810501120.0,0.37999999999999995,-2.2089408326363635e+18,1304.2727272727273,6.0,7086017664,102.16529860142693
0.7461538461538461,251.26307692307694,63.0,1395000000.0,6810501120.0,0.3846153846153847,-2.2089408252307692e+18,1311.6923076923076,7.0,7133826043,103.03570338009982
0.7799999999999999,242.69999999999993,63.0,1395000000.0,6810501120.0,0.4000000000000001,-2.2089408179999997e+18,1319.0,6.5,6818499857,101.52136913823168
0.78,242.7,63.0,1395000000.0,6810501120.0,0.4,-2.2089408126e+18,1324.2,3.0,2676672690,104.64449030713044
0.772,237.56,63.0,1395000000.0,6810501120.0,0.39,-2.2089408083e+18,1328.6,5.5,5206645669,101.77847520026876
0.76,229.85,63.0,1395000000.0,6810501120.0,0.38,-2.208940803125e+18,1333.875,4.5,4449507242,103.23269785037128
0.76,229.85000000000002,63.0,1395000000.0,6810501120.0,0.38,-2.2089407982222223e+18,1338.7777777777778,5.0,4360077087,102.0654860211442
0.75625,234.78125,63.0,1389375000.0,6810501120.0,0.38375000000000004,-2.2089407935e+18,1343.5,4.5,4021566286,102.1796236236883
0.75,243.0,63.0,1380000000.0,6810501120.0,0.39000000000000007,-2.2089407892857142e+18,1347.7142857142858,4.0,3570102312,101.93711310794176
0.75,243.0,63.0,1380000000.0,6810501120.0,0.3899999999999999,-2.2089407833333335e+18,1353.5333333333333,8.0,7410909727,101.2047825263925
0.75,237.70666666666668,62.333333333333336,1380000000.0,6810501120.0,0.39,-2.2089407767777777e+18,1360.111111111111,5.0,4717852514,101.64941200883625
0.75,235.06,62.0,1380000000.0,6810501120.0,0.39,-2.2089407714000003e+18,1365.5,5.5,4958603497,102.29864128321589
0.75,235.06,62.0,1380000000.0,6810501120.0,0.39,-2.2089407659999997e+18,1370.888888888889,5.0,4633634191,102.67844913747285
0.7366666666666667,241.11333333333332,62.0,1400000000.0,6810501120.0,0.38999999999999996,-2.2089407626666668e+18,1374.3333333333333,2.0,1367806034,104.29515556632812
0.73,244.13999999999996,62.0,1410000000.0,6810501120.0,0.39,-2.2089407602e+18,1376.6,3.0,2439604084,103.30257639550311
0.73,244.14,62.0,1410000000.0,6810501120.0,0.39,-2.208940756875e+18,1380.125,4.5,3954596469,102.39680022637688
0.73,244.14,62.0,1410000000.0,6810501120.0,0.39,-2.208940754e+18,1383.0,1.0,326941041,105.14618000247935
0.73,244.14,62.0,1410000000.0,6810501120.0,0.39,-2.208940754e+18,1383.0,1.0,306876790,104.786223069532
0.73,244.14,62.0,1410000000.0,6810501120.0,0.38999999999999996,-2.2089407526666668e+18,1384.3333333333333,2.0,993398445,104.18526042274362
0.73,244.14,62.0,1410000000.0,6810501120.0,0.39,-2.208940752e+18,1385.0,1.0,233691753,101.73879987475355
0.73,244.14,62.0,1410000000.0,6810501120.0,0.39,-2.2089407505e+18,1386.5,1.5,733404720,104.27586288709743
0.73,244.14,62.0,1410000000.0,6810501120.0,0.39,-2.2089407495e+18,1387.5,1.5,877931332,105.16215729377288
0.7333333333333334,247.58,61.666666666666664,1410000000.0,6810501120.0,0.38999999999999996,-2.2089407483333332e+18,1388.6666666666667,2.0,1041338980,104.08603744285132
0.74,254.46,61.0,1410000000.0,6810501120.0,0.39,-2.2089407465e+18,1390.5,1.5,810414110,104.65423648341063
0.74,254.45999999999998,61.0,1410000000.0,6810501120.0,0.39,-2.2089407446e+18,1392.2,3.0,2431389889,103.64468981435566
0.74,254.45999999999998,61.0,1410000000.0,6810501120.0,0.39,-2.2089407404444444e+18,1396.4444444444443,5.0,4657599202,104.10746570802714
0.74,254.46,61.0,1410000000.0,6810501120.0,0.39,-2.2089407375e+18,1399.5,1.5,985002851,104.31580017191968
0.7399999999999999,254.46,61.0,1410000000.0,6810501120.0,0.38999999999999996,-2.208940736e+18,1401.0,2.0,1337995663,105.00613296609545
0.74,254.46,61.0,1410000000.0,6810501120.0,0.39,-2.2089407345e+18,1402.5,1.5,526687225,105.15132070255962
0.74,246.81599999999997,60.4,1401000000.0,6810501120.0,0.39,-2.2089407326e+18,1404.4,3.0,2311296539,103.95482935673905
0.7400000000000001,241.72,60.0,1395000000.0,6810501120.0,0.39000000000000007,-2.2089407295e+18,1407.5,3.5,2783582529,102.34093280237954
0.74,241.72,60.0,1395000000.0,6810501120.0,0.39,-2.2089407265e+18,1410.5,2.5,1862483505,103.27133401752612
0.74,241.72,60.0,1395000000.0,6810501120.0,0.39,-2.208940725e+18,1412.0,1.0,221612799,103.88247775291812
0.7399999999999999,241.72,60.0,1395000000.0,6810501120.0,0.38999999999999996,-2.2089407236666668e+18,1413.3333333333333,2.0,1277341881,103.56032885786209
0.74,241.72,60.0,1395000000.0,6810501120.0,0.39,-2.208940722e+18,1415.0,2.5,1852085683,103.24443715001695
0.74,241.72,60.0,1395000000.0,6810501120.0,0.39,-2.2089407195000003e+18,1417.5,2.5,1994577991,104.02465319461331
0.644,247.61599999999999,59.2,1407000000.0,6810501120.0,0.31,-2.2089407171999997e+18,1419.8,3.0,2408882310,104.10169165317764
0.62,249.09,59.0,1410000000.0,6810501120.0,0.31,-2.2089407142e+18,1422.8,3.0,2465498880,102.85056857683402
0.62,249.09,59.0,1410000000.0,6810501120.0,0.31,-2.2089407105e+18,1426.375,4.5,4777342725,103.25563094348082
0.646,246.51799999999997,59.4,1410000000.0,6810501120.0,0.33799999999999997,-2.208940704e+18,1433.0,3.0,4671091988,101.19597721390159
0.75,236.23,61.0,1410000000.0,6810501120.0,0.38,-2.2089407015e+18,1435.5,1.5,1061953205,103.66032758569659
0.75,236.23,61.0,1410000000.0,6810501120.0,0.38,-2.208940701e+18,1436.0,1.0,185260303,105.79942548443309
0.75,236.23,61.0,1410000000.0,6810501120.0,0.38,-2.2089406995e+18,1437.0,1.5,635212903,104.25920757372246
0.75,236.23,61.0,1410000000.0,6810501120.0,0.38,-2.208940699e+18,1438.0,1.0,431887408,104.95393361945574
0.75,236.23,61.0,1410000000.0,6810501120.0,0.38,-2.208940698e+18,1439.0,1.0,260100337,103.89522614832865
0.75,236.23,61.0,1410000000.0,6810501120.0,0.38,-2.2089406975e+18,1439.5,1.5,749231235,103.76939063031521
0.75,236.23,61.0,1410000000.0,6810501120.0,0.38,-2.208940697e+18,1440.0,1.0,261953788,103.5782761857821
0.75,236.23,61.0,1410000000.0,6810501120.0,0.38,-2.208940696e+18,1441.0,1.0,187992704,107.10167750412178
0.75,236.23,61.0,1410000000.0,6810501120.0,0.38,-2.208940695e+18,1442.0,1.0,202293927,106.5732175855827
0.75,236.23,61.0,1410000000.0,6810501120.0,0.38,-2.208940694e+18,1443.0,2.5,1699131394,103.80043659245187
0.75,236.23,61.0,1410000000.0,6810501120.0,0.38000000000000006,-2.2089406916666668e+18,1445.0,2.0,1487309406,103.8147436352899
0.7585714285714287,238.74142857142854,60.714285714285715,1405714285.7142856,6810501120.0,0.3885714285714285,-2.208940688857143e+18,1448.142857142857,4.0,3764681165,104.49973300074566
0.7800000000000001,245.02,60.0,1395000000.0,6810501120.0,0.39999999999999997,-2.2089406849999997e+18,1452.0,3.5,2987805560,103.34081791033832
0.7799999999999999,245.02,60.0,1395000000.0,6810501120.0,0.4000000000000001,-2.2089406823333335e+18,1454.3333333333333,2.0,1524108888,104.09739206403039
0.78,245.02,60.0,1395000000.0,6810501120.0,0.4,-2.208940681e+18,1456.0,1.5,967780068,105.31514650522524
0.78,245.02000000000004,60.0,1395000000.0,6810501120.0,0.4,-2.208940679e+18,1457.8,3.0,2449235162,103.91155547173713
0.78,245.02,60.0,1395000000.0,6810501120.0,0.4,-2.20894067625e+18,1460.75,2.5,1808388231,103.79235814716576
0.774,243.77000000000004,60.0,1401000000.0,6810501120.0,0.3960000000000001,-2.2089406731999997e+18,1463.6,3.0,2739492739,102.67472488535113
0.75,238.77,60.0,1410000000.0,6810501120.0,0.39,-2.208940671e+18,1466.0,2.5,1870534316,103.09640759359405
0.75,238.77,60.0,1410000000.0,6810501120.0,0.39000000000000007,-2.2089406677142856e+18,1469.2857142857142,4.0,3575629793,102.37691447843474
0.75,238.77,60.0,1410000000.0,6810501120.0,0.39000000000000007,-2.208940664166667e+18,1472.6666666666667,3.5,3068232002,102.59871324984941
0.75,238.77,60.0,1410000000.0,6810501120.0,0.38999999999999996,-2.2089406616666665e+18,1475.3333333333333,2.0,1325425107,104.96405877218632
0.75,238.77,60.0,1410000000.0,6810501120.0,0.39,-2.2089406595e+18,1477.0,1.5,1253720455,103.98729851353363
0.75,238.77,60.0,1410000000.0,6810501120.0,0.39,-2.208940659e+18,1478.0,1.0,317187312,105.17962635752878
0.75,237.77,59.5,1402500000.0,6810501120.0,0.395,-2.208940658e+18,1479.0,1.5,524459551,104.72568592367962
0.75,236.77,59.0,1395000000.0,6810501120.0,0.4,-2.2089406565e+18,1480.5,1.5,888533033,105.07144148479703
0.75,236.77,59.0,1395000000.0,6810501120.0,0.4,-2.208940655e+18,1482.0,2.5,1924069192,103.92735379750128
0.75,236.77,59.0,1395000000.0,6810501120.0,0.4,-2.208940653e+18,1484.0,2.5,1777289236,103.83724221679675
0.75,236.77,59.0,1395000000.0,6810501120.0,0.4,-2.2089406505e+18,1486.5,2.5,2151767973,103.50805434865485
0.75,236.77000000000004,59.0,1395000000.0,6810501120.0,0.4,-2.2089406466000003e+18,1490.4,5.5,5199995961,101.03589964304523
0.742857142857143,235.61285714285717,59.714285714285715,1395000000.0,6810501120.0,0.3914285714285715,-2.2089406417142858e+18,1495.142857142857,4.0,3709914324,101.77615166822797
0.74,235.15,60.0,1395000000.0,6810501120.0,0.39,-2.208940637e+18,1499.9,5.5,5057435519,101.24940990352287
0.7400000000000001,235.15,60.0,1395000000.0,6810501120.0,0.39000000000000007,-2.2089406325e+18,1504.3333333333333,3.5,2877650392,105.34885002141671
0.7475,237.29500000000002,60.375,1400625000.0,6810501120.0,0.39,-2.2089406285e+18,1508.5,4.5,4131417584,103.68400837589144
0.7700000000000001,240.86999999999995,61.0,1410000000.0,6810501120.0,0.39000000000000007,-2.2089406242857144e+18,1512.7142857142858,4.0,3854483983,101.87140284631846
0.77,240.86999999999998,61.0,1410000000.0,6810501120.0,0.39000000000000007,-2.2089406205e+18,1516.1666666666667,3.5,3065449306,105.53037620445667
0.77,240.86999999999998,61.0,1410000000.0,6810501120.0,0.39000000000000007,-2.2089406171666668e+18,1519.8333333333333,3.5,2954655518,103.05240897683866
0.77,240.86999999999998,60.4,1410000000.0,6810501120.0,0.354,-2.2089406139999997e+18,1522.8,3.0,2172680602,103.431150240739
0.4,74.66,58.0,1410000000.0,6810501120.0,0.21000000000000002,-2.2089406112e+18,1525.8,3.0,2457469737,103.23005105039492
0.4,74.66,58.0,1410000000.0,6810501120.0,0.21000000000000002,-2.2089406088e+18,1528.2,3.0,2538114802,102.96436857462969
0.4,74.66,58.0,1410000000.0,6810501120.0,0.21000000000000002,-2.2089406059999997e+18,1531.0,3.0,2620316091,102.99420926665053
0.4000000000000001,74.66,58.0,1410000000.0,6810501120.0,0.21,-2.2089406036666668e+18,1533.3333333333333,2.0,1392836482,104.10500550620492
0.4000000000000001,74.66,58.0,1410000000.0,6810501120.0,0.21,-2.2089406016666665e+18,1535.3333333333333,2.0,1357962562,103.73200402970545
0.4000000000000001,74.66,58.0,1410000000.0,6810501120.0,0.21,-2.2089405996666668e+18,1537.0,2.0,1490594805,103.86411723490822
0.598,169.86200000000002,59.8,1410000000.0,6810501120.0,0.346,-2.2089405976e+18,1539.4,3.0,2901578331,102.62748903820787
0.73,233.33,61.0,1410000000.0,6810501120.0,0.37999999999999995,-2.2089405945e+18,1542.5,3.5,2856808032,102.5084934066331
0.73,233.33,61.0,1410000000.0,6810501120.0,0.38,-2.2089405912000005e+18,1545.6,3.0,2338240307,103.20069936302627
0.7299999999999999,233.32999999999998,61.0,1410000000.0,6810501120.0,0.37999999999999995,-2.2089405880000003e+18,1549.0,4.0,3919747393,102.28405076840075
0.73,233.33,61.0,1410000000.0,6810501120.0,0.384,-2.2089405844000003e+18,1552.6,3.0,2642872814,104.0875066397206
0.7799999999999999,74.57,58.0,1410000000.0,6810501120.0,0.4000000000000001,-2.208940582e+18,1555.0,2.0,1694430861,105.93563082329207
0.7799999999999999,74.57,58.0,1410000000.0,6810501120.0,0.4000000000000001,-2.20894058e+18,1557.0,2.0,1376469564,104.25148570761476
0.7799999999999999,74.57,58.0,1410000000.0,6810501120.0,0.4000000000000001,-2.208940578e+18,1558.6666666666667,2.0,1577649067,103.79275092505323
0.7799999999999999,74.57,58.0,1410000000.0,6810501120.0,0.4000000000000001,-2.2089405763333332e+18,1560.6666666666667,2.0,1459626708,103.67865037709961
0.78,74.57,58.0,1410000000.0,6810501120.0,0.4,-2.208940575e+18,1562.0,1.5,702592345,105.12630795706151
0.78,74.57,58.0,1410000000.0,6810501120.0,0.4,-2.2089405735e+18,1563.5,1.5,863032796,103.95065090432576
0.7799999999999999,74.57,58.0,1410000000.0,6810501120.0,0.4000000000000001,-2.2089405723333332e+18,1564.6666666666667,2.0,1202520959,104.36576517742797
0.78,74.57,58.0,1410000000.0,6810501120.0,0.4,-2.208940571e+18,1566.0,1.0,267076475,101.91298722788898
0.78,74.57,58.0,1410000000.0,6810501120.0,0.4,-2.20894057e+18,1567.0,1.0,242296127,102.76437063759579
0.78,74.57,58.0,1410000000.0,6810501120.0,0.4,-2.20894057e+18,1567.0,1.0,254776176,102.52699802967933
0.78,74.57,58.0,1410000000.0,6810501120.0,0.4,-2.208940569e+18,1568.0,1.0,434278553,103.84945554408682
0.78,74.57,58.0,1410000000.0,6810501120.0,0.385,-2.2089405685e+18,1568.5,1.5,658972474,104.30976417086589
0.7000000000000001,72.89,56.0,1410000000.0,6810501120.0,0.37,-2.2089405651111112e+18,1571.7777777777778,5.0,4489920730,101.54501667658397
0.7000000000000001,72.89,56.0,1410000000.0,6810501120.0,0.37,-2.20894056125e+18,1575.5,2.5,2315298530,103.10361367806054
0.7000000000000001,72.89,56.0,1410000000.0,6810501120.0,0.37,-2.208940559e+18,1578.0,2.5,1889826659,103.86806973474798
0.7000000000000001,72.89,56.0,1410000000.0,6810501120.0,0.35625,-2.208940555125e+18,1581.625,4.5,4375746821,101.57502601755009
0.5300000000000001,73.79,58.0,1410000000.0,6810501120.0,0.26,-2.2089405505714286e+18,1586.2857142857142,4.0,4095490261,101.86729345430128
0.53,73.79,58.0,1410000000.0,6810501120.0,0.26,-2.208940545875e+18,1590.875,4.5,4676923290,102.59237362430946
0.53,73.79,58.0,1410000000.0,6810501120.0,0.26,-2.208940541375e+18,1595.5,4.5,3809795284,103.84462029889578
0.6950000000000001,208.30428571428567,61.142857142857146,1397142857.142857,6810501120.0,0.3714285714285714,-2.2089405352142853e+18,1601.642857142857,7.5,7607747587,101.30155444592707
0.74,244.99,62.0,1395000000.0,6810501120.0,0.39,-2.2089405305e+18,1606.0,1.5,902482509,104.58860835252678
0.7399999999999999,244.99,62.0,1395000000.0,6810501120.0,0.38999999999999996,-2.2089405293333332e+18,1607.6666666666667,2.0,1202432714,104.31038042112323
0.74,244.99,62.0,1395000000.0,6810501120.0,0.39,-2.2089405272500001e+18,1609.5,2.5,1805988222,103.81603694321629
